"FoodCategory","FoodItem","calories per serving",""
"CannedFruit","Applesauce","62 cal",""
"CannedFruit","Canned Apricots","48 cal",""
"CannedFruit","Canned Blackberries","92 cal",""
"CannedFruit","Canned Blueberries","88 cal",""
"CannedFruit","Canned Cherries","54 cal",""
"CannedFruit","Canned Cranberries","178 cal",""
"CannedFruit","Canned Crushed Pineapple","53 cal",""
"CannedFruit","Canned Figs","107 cal",""
"CannedFruit","Canned Fruit Cocktail","81 cal",""
"CannedFruit","Canned Fruit Salad","50 cal",""
"CannedFruit","Canned Gooseberries","73 cal",""
"CannedFruit","Canned Grapefruit","37 cal",""
"CannedFruit","Canned Grapes","76 cal",""
"CannedFruit","Canned Mandarin Oranges","71 cal",""
"CannedFruit","Canned Mango","65 cal",""
"CannedFruit","Canned Mangosteen","73 cal",""
"CannedFruit","Canned Mixed Fruit","71 cal",""
"CannedFruit","Canned Morello Cherries","81 cal",""
"CannedFruit","Canned Oranges","62 cal",""
"CannedFruit","Canned Peaches","54 cal",""
"CannedFruit","Canned Pears","35 cal",""
"CannedFruit","Canned Pineapple","60 cal",""
"CannedFruit","Canned Plums","58 cal",""
"CannedFruit","Canned Raspberries","91 cal",""
"CannedFruit","Canned Sliced Pineapple","53 cal",""
"CannedFruit","Canned Sour Cherries","114 cal",""
"CannedFruit","Canned Strawberries","92 cal",""
"CannedFruit","Canned Tangerines","61 cal",""
"CannedFruit","Dried Fruit","243 cal",""
"Fruits","Acai","70 cal",""
"Fruits","Apple","52 cal",""
"Fruits","Applesauce","68 cal",""
"Fruits","Apricot","48 cal",""
"Fruits","Avocado","160 cal",""
"Fruits","Banana","89 cal",""
"Fruits","Blackberries","43 cal",""
"Fruits","Blood Oranges","50 cal",""
"Fruits","Blueberries","57 cal",""
"Fruits","Cantaloupe","34 cal",""
"Fruits","Cherries","50 cal",""
"Fruits","Clementine","47 cal",""
"Fruits","Cranberries","46 cal",""
"Fruits","Currants","56 cal",""
"Fruits","Custard Apple","101 cal",""
"Fruits","Dates","282 cal",""
"Fruits","Figs","74 cal",""
"Fruits","Fruit salad","50 cal",""
"Fruits","Grapes","69 cal",""
"Fruits","Greengage","41 cal",""
"Fruits","Guava","68 cal",""
"Fruits","Jackfruit","95 cal",""
"Fruits","Jujube","79 cal",""
"Fruits","Kiwi","61 cal",""
"Fruits","Lemon","29 cal",""
"Fruits","Lime","30 cal",""
"Fruits","Lychees","66 cal",""
"Fruits","Mandarin Oranges","53 cal",""
"Fruits","Mango","60 cal",""
"Fruits","Minneola","64 cal",""
"Fruits","Mulberries","43 cal",""
"Fruits","Nectarine","44 cal",""
"Fruits","Olives","115 cal",""
"Fruits","Orange","47 cal",""
"Fruits","Papaya","43 cal",""
"Fruits","Passion Fruit","97 cal",""
"Fruits","Peach","39 cal",""
"Fruits","Pear","57 cal",""
"Fruits","Persimmon","127 cal",""
"Fruits","Physalis","49 cal",""
"Fruits","Pineapple","50 cal",""
"Fruits","Plantains","122 cal",""
"Fruits","Plum","46 cal",""
"Fruits","Pomegranate","83 cal",""
"Fruits","Quince","57 cal",""
"Fruits","Raisins","299 cal",""
"Fruits","Rambutan","82 cal",""
"Fruits","Raspberries","52 cal",""
"Fruits","Rhubarb","21 cal",""
"Fruits","Starfruit","31 cal",""
"Fruits","Strawberries","32 cal",""
"Fruits","Tamarind","239 cal",""
"Fruits","Tangerine","53 cal",""
"Fruits","Watermelon","30 cal",""
"Tropical&ExoticFruits","Acerola","32 cal",""
"Tropical&ExoticFruits","Asian Pear","42 cal",""
"Tropical&ExoticFruits","Avocado","160 cal",""
"Tropical&ExoticFruits","Banana","89 cal",""
"Tropical&ExoticFruits","Breadfruit","103 cal",""
"Tropical&ExoticFruits","Cantaloupe Melon","34 cal",""
"Tropical&ExoticFruits","Casaba Melon","28 cal",""
"Tropical&ExoticFruits","Cherimoya","75 cal",""
"Tropical&ExoticFruits","Dragon Fruit","60 cal",""
"Tropical&ExoticFruits","Durian","147 cal",""
"Tropical&ExoticFruits","Feijoa","55 cal",""
"Tropical&ExoticFruits","Galia Melon","23 cal",""
"Tropical&ExoticFruits","Grapefruit","42 cal",""
"Tropical&ExoticFruits","Guava","68 cal",""
"Tropical&ExoticFruits","Honeydew","36 cal",""
"Tropical&ExoticFruits","Jackfruit","95 cal",""
"Tropical&ExoticFruits","Kiwi","61 cal",""
"Tropical&ExoticFruits","Kumquat","71 cal",""
"Tropical&ExoticFruits","Lychee","66 cal",""
"Tropical&ExoticFruits","Mandarin Oranges","53 cal",""
"Tropical&ExoticFruits","Mango","60 cal",""
"Tropical&ExoticFruits","Mangosteen","73 cal",""
"Tropical&ExoticFruits","Maracuya","97 cal",""
"Tropical&ExoticFruits","Maraschino Cherries","165 cal",""
"Tropical&ExoticFruits","Muskmelon","34 cal",""
"Tropical&ExoticFruits","Noni","53 cal",""
"Tropical&ExoticFruits","Passion Fruit","97 cal",""
"Tropical&ExoticFruits","Pineapple","50 cal",""
"Tropical&ExoticFruits","Pink Grapefruit","42 cal",""
"Tropical&ExoticFruits","Plantain","122 cal",""
"Tropical&ExoticFruits","Pomegranate","83 cal",""
"Tropical&ExoticFruits","Pomelo","38 cal",""
"Tropical&ExoticFruits","Prickly Pear","41 cal",""
"Tropical&ExoticFruits","Rambutan","82 cal",""
"Tropical&ExoticFruits","Sapodilla","83 cal",""
"Tropical&ExoticFruits","Soursop Fruit","66 cal",""
"Tropical&ExoticFruits","Star Fruit","31 cal",""
"Tropical&ExoticFruits","Tamarind","239 cal",""
"Tropical&ExoticFruits","Watermelon","30 cal",""
"PotatoProducts","All-blue Potatoes","61 cal",""
"PotatoProducts","Baked Potato","93 cal",""
"PotatoProducts","Boiled Potatoes","87 cal",""
"PotatoProducts","Cassava","160 cal",""
"PotatoProducts","Croquettes","127 cal",""
"PotatoProducts","Dumpling Dough","124 cal",""
"PotatoProducts","Dumplings","124 cal",""
"PotatoProducts","French Fingerling Potatoes","82 cal",""
"PotatoProducts","French Fries","312 cal",""
"PotatoProducts","Fried Potatoes","312 cal",""
"PotatoProducts","Gnocchi","133 cal",""
"PotatoProducts","Japanese Sweet Potatoes","87 cal",""
"PotatoProducts","Marrow Dumplings","424 cal",""
"PotatoProducts","Mashed Potatoes","89 cal",""
"PotatoProducts","Norland Red Potatoes","89 cal",""
"PotatoProducts","Omelette","154 cal",""
"PotatoProducts","Potato","77 cal",""
"PotatoProducts","Potato Dumpling","124 cal",""
"PotatoProducts","Potato Fritter","185 cal",""
"PotatoProducts","Potato Gratin","132 cal",""
"PotatoProducts","Potato Pancakes","268 cal",""
"PotatoProducts","Potato Salad","143 cal",""
"PotatoProducts","Potato Starch","331 cal",""
"PotatoProducts","Potato Sticks","522 cal",""
"PotatoProducts","Potato Waffles","167 cal",""
"PotatoProducts","Potato Wedges","123 cal",""
"PotatoProducts","Potatoes au Gratin","132 cal",""
"PotatoProducts","Purple Majesty Potatoes","72 cal",""
"PotatoProducts","Red Gold Potatoes","89 cal",""
"PotatoProducts","Red Potatoes","89 cal",""
"PotatoProducts","Roast Potatoes","149 cal",""
"PotatoProducts","Rosemary Potatoes","93 cal",""
"PotatoProducts","Rösti","138 cal",""
"PotatoProducts","Russet Potatoes","97 cal",""
"PotatoProducts","Russian Banana Potatoes","67 cal",""
"PotatoProducts","Sweet Potato","92 cal",""
"PotatoProducts","White Potatoes","94 cal",""
"PotatoProducts","Yams","116 cal",""
"PotatoProducts","Yukon Gold Potatoes","82 cal",""
"Vegetables","Artichoke","47 cal",""
"Vegetables","Arugula","25 cal",""
"Vegetables","Asparagus","20 cal",""
"Vegetables","Aubergine","25 cal",""
"Vegetables","Beetroot","43 cal",""
"Vegetables","Bell Pepper","20 cal",""
"Vegetables","Black Olives","115 cal",""
"Vegetables","Broccoli","34 cal",""
"Vegetables","Brussels Sprouts","43 cal",""
"Vegetables","Cabbage","25 cal",""
"Vegetables","Capsicum","27 cal",""
"Vegetables","Carrot","41 cal",""
"Vegetables","Cauliflower","25 cal",""
"Vegetables","Celery","16 cal",""
"Vegetables","Chard","19 cal",""
"Vegetables","Cherry Tomato","100 cal",""
"Vegetables","Chicory","72 cal",""
"Vegetables","Chinese Cabbage","16 cal",""
"Vegetables","Chives","30 cal",""
"Vegetables","Collard Greens","32 cal",""
"Vegetables","Corn","365 cal",""
"Vegetables","Courgette","17 cal",""
"Vegetables","Creamed Spinach","74 cal",""
"Vegetables","Cucumber","16 cal",""
"Vegetables","Eggplant","25 cal",""
"Vegetables","Endive","17 cal",""
"Vegetables","Fennel","31 cal",""
"Vegetables","Garlic","149 cal",""
"Vegetables","Gherkin","14 cal",""
"Vegetables","Gourd","14 cal",""
"Vegetables","Green Beans","31 cal",""
"Vegetables","Green Olives","115 cal",""
"Vegetables","Green Onion","32 cal",""
"Vegetables","Horseradish","48 cal",""
"Vegetables","Kale","49 cal",""
"Vegetables","Kohlrabi","27 cal",""
"Vegetables","Kumara","86 cal",""
"Vegetables","Leek","61 cal",""
"Vegetables","Lettuce","15 cal",""
"Vegetables","Mushrooms","22 cal",""
"Vegetables","Mustard Greens","27 cal",""
"Vegetables","Nori","35 cal",""
"Vegetables","Okra","33 cal",""
"Vegetables","Olives","115 cal",""
"Vegetables","Onion","40 cal",""
"Vegetables","Parsnips","75 cal",""
"Vegetables","Peas","81 cal",""
"Vegetables","Pepper","27 cal",""
"Vegetables","Potato","77 cal",""
"Vegetables","Pumpkin","26 cal",""
"Vegetables","Radishes","16 cal",""
"Vegetables","Red Cabbage","31 cal",""
"Vegetables","Rutabaga","38 cal",""
"Vegetables","Shallots","72 cal",""
"Vegetables","Spinach","23 cal",""
"Vegetables","Squash","45 cal",""
"Vegetables","Sweet Potato","86 cal",""
"Vegetables","Tomato","18 cal",""
"Vegetables","Turnip Greens","20 cal",""
"Vegetables","Turnips","28 cal",""
"Vegetables","Wasabi","109 cal",""
"Vegetables","Winter Squash","34 cal",""
"Vegetables","Zucchini","17 cal",""
"FastFood","Arby’s Grand Turkey Club","210 cal",""
"FastFood","Arby’s Reuben","208 cal",""
"FastFood","Arby’s Roast Beef Classic","234 cal",""
"FastFood","Arby’s Roast Beef Max","234 cal",""
"FastFood","BBQ Rib","212 cal",""
"FastFood","Bean Burrito","200 cal",""
"FastFood","Big N’ Tasty","223 cal",""
"FastFood","Bratwurst","333 cal",""
"FastFood","Burger King Angry Whopper","255 cal",""
"FastFood","Burger King Double Whopper","239 cal",""
"FastFood","Burger King Double Whopper with Cheese","249 cal",""
"FastFood","Burger King Original Chicken Sandwich","301 cal",""
"FastFood","Burger King Premium Alaskan Fish Sandwich","259 cal",""
"FastFood","Burger King Triple Whopper","269 cal",""
"FastFood","Burger King Whopper","231 cal",""
"FastFood","Burger King Whopper Jr.","234 cal",""
"FastFood","Burger King Whopper with Cheese","241 cal",""
"FastFood","Cheeseburger","263 cal",""
"FastFood","Chicken Breast","163 cal",""
"FastFood","Chicken Fajita","147 cal",""
"FastFood","Chicken McNuggets","302 cal",""
"FastFood","Chicken Nuggets","296 cal",""
"FastFood","Chicken Pizziola","141 cal",""
"FastFood","Chicken Sandwich","241 cal",""
"FastFood","Chicken Teriyaki Sandwich","138 cal",""
"FastFood","Chicken Wings","324 cal",""
"FastFood","Chop Suey","172 cal",""
"FastFood","Curly Fries","311 cal",""
"FastFood","Double Cheeseburger","267 cal",""
"FastFood","Egg Roll","250 cal",""
"FastFood","Falafel","335 cal",""
"FastFood","Filet-o-Fish","282 cal",""
"FastFood","Fish and Chips","195 cal",""
"FastFood","Fish Sandwich","273 cal",""
"FastFood","French Fries","312 cal",""
"FastFood","Grilled Chicken Salad","88 cal",""
"FastFood","Ham Sandwich","241 cal",""
"FastFood","Hamburger","254 cal",""
"FastFood","Hot Dog","269 cal",""
"FastFood","Italian BMT","183 cal",""
"FastFood","Lasagna","132 cal",""
"FastFood","McDonald’s Big Mac","256 cal",""
"FastFood","McDonald’s Cheeseburger","263 cal",""
"FastFood","McDonald’s Chicken Nuggets","297 cal",""
"FastFood","McDonald’s Double Cheeseburger","282 cal",""
"FastFood","McDonald’s Filet-o-Fish","275 cal",""
"FastFood","McDonald’s McChicken","251 cal",""
"FastFood","McDonald’s McDouble","252 cal",""
"FastFood","McDonald’s McMuffi Egg","225 cal",""
"FastFood","McDonald’s McRib","265 cal",""
"FastFood","McDonald’s Mighty Wings","308 cal",""
"FastFood","McRib","265 cal",""
"FastFood","Meatball Sandwich","161 cal",""
"FastFood","Nachos with Cheese","306 cal",""
"FastFood","Onion Rings","411 cal",""
"FastFood","Smoked Salmon","158 cal",""
"FastFood","Spicy Italian","219 cal",""
"FastFood","Subway Club Sandwich","131 cal",""
"FastFood","Tortilla Wrap","271 cal",""
"FastFood","Tuna","86 cal",""
"FastFood","Turkey","104 cal",""
"FastFood","Veggie Burger","181 cal",""
"FastFood","Veggie Delight","138 cal",""
"FastFood","Veggie Patty","390 cal",""
"FastFood","Wendy’s Baconator","304 cal",""
"FastFood","Wendy’s Jr. Bacon Cheeseburger","261 cal",""
"FastFood","Wendy’s Jr. Cheeseburger","225 cal",""
"FastFood","Wendy’s Son of Baconator","321 cal",""
"FastFood","Whopper","231 cal",""
"FastFood","Zinger","256 cal",""
"FastFood","Zinger Burger","256 cal",""
"FastFood","Poutine","227 cal",""
"Pizza","BBQ Chicken Pizza","234 cal",""
"Pizza","BBQ Pizza","224 cal",""
"Pizza","Beef Pizza","304 cal",""
"Pizza","Bianca Pizza","246 cal",""
"Pizza","Buffalo Chicken Pizza","252 cal",""
"Pizza","Calabrese Pizza","235 cal",""
"Pizza","Calzone","231 cal",""
"Pizza","Capricciosa Pizza","260 cal",""
"Pizza","Cheese Pizza","267 cal",""
"Pizza","Chicken Pizza","234 cal",""
"Pizza","Deep Dish Pizza","265 cal",""
"Pizza","Dominos Philly Cheese Steak Pizza","224 cal",""
"Pizza","Four Cheese Pizza","221 cal",""
"Pizza","Goat Cheese Pizza","219 cal",""
"Pizza","Grilled Pizza","226 cal",""
"Pizza","Hawaiian Pizza","115 cal",""
"Pizza","Margherita Pizza","275 cal",""
"Pizza","Mozzarella Pizza","249 cal",""
"Pizza","Mushroom Pizza","212 cal",""
"Pizza","Napoli Pizza","202 cal",""
"Pizza","New York Style Pizza","169 cal",""
"Pizza","Pepperoni Pizza","255 cal",""
"Pizza","Pizza Dough","228 cal",""
"Pizza","Pizza Hut Stuffed Crust Pizza","255 cal",""
"Pizza","Pizza Hut Supreme Pizza","248 cal",""
"Pizza","Pizza Rolls","247 cal",""
"Pizza","Quattro Formaggi Pizza","248 cal",""
"Pizza","Red Pepper Pizza","192 cal",""
"Pizza","Salami Pizza","255 cal",""
"Pizza","Sausage Pizza","246 cal",""
"Pizza","Seafood Pizza","245 cal",""
"Pizza","Shrimp Pizza","209 cal",""
"Pizza","Sicilian Pizza","241 cal",""
"Pizza","Spinach Feta Pizza","242 cal",""
"Pizza","Spinach Pizza","234 cal",""
"Pizza","Stuffed Crust Pizza","255 cal",""
"Pizza","Tarte Flambée","253 cal",""
"Pizza","Thin Crust Pizza","261 cal",""
"Pizza","Tuna Pizza","254 cal",""
"Pizza","Vegetable Pizza","256 cal",""
"Pizza","Vegetarian Pizza","256 cal",""
"Pizza","Veggie Pizza","231 cal",""
"Pizza","White Pizza","246 cal",""
"Cheese","American Cheese","148 cal",""
"Cheese","Applewood","410 cal",""
"Cheese","Asiago Cheese","392 cal",""
"Cheese","Babybel","333 cal",""
"Cheese","Blue Cheese","353 cal",""
"Cheese","Brie","334 cal",""
"Cheese","Camembert","300 cal",""
"Cheese","Cheddar","403 cal",""
"Cheese","Cheese Fondue","228 cal",""
"Cheese","Cheese Spread","290 cal",""
"Cheese","Cheese Whiz","276 cal",""
"Cheese","Chester","387 cal",""
"Cheese","Colby Cheese","394 cal",""
"Cheese","Colby-Jack Cheese","394 cal",""
"Cheese","Cottage Cheese","98 cal",""
"Cheese","Dutch Cheese","393 cal",""
"Cheese","Edam Cheese","357 cal",""
"Cheese","Emmentaler","357 cal",""
"Cheese","Feta","264 cal",""
"Cheese","Fontina","389 cal",""
"Cheese","Fresh Mozzarella","280 cal",""
"Cheese","Gjetost","466 cal",""
"Cheese","Goat Cheese","364 cal",""
"Cheese","Gorgonzola","350 cal",""
"Cheese","Gouda","356 cal",""
"Cheese","Grated Parmesan","431 cal",""
"Cheese","Grilled Cheese","350 cal",""
"Cheese","Gruyere","413 cal",""
"Cheese","Halloumi","321 cal",""
"Cheese","Havarti","371 cal",""
"Cheese","Italian Cheese","397 cal",""
"Cheese","Jarlsberg","352 cal",""
"Cheese","Maasdam Cheese","344 cal",""
"Cheese","Manchego Cheese","320 cal",""
"Cheese","Monterey","373 cal",""
"Cheese","Monterey Jack Cheese","373 cal",""
"Cheese","Mozzarella","280 cal",""
"Cheese","Muenster Cheese","368 cal",""
"Cheese","Neufchatel","253 cal",""
"Cheese","Parmesan","431 cal",""
"Cheese","Pecorino","387 cal",""
"Cheese","Provolone","351 cal",""
"Cheese","Raclette Cheese","357 cal",""
"Cheese","Ricotta","174 cal",""
"Cheese","Romano","387 cal",""
"Cheese","Roquefort","369 cal",""
"Cheese","Sheep Cheese","364 cal",""
"Cheese","Soft Cheese","268 cal",""
"Cheese","Stilton Cheese","393 cal",""
"Cheese","String Cheese","250 cal",""
"Cheese","Swiss Cheese","380 cal",""
"Cheese","White Cheddar","403 cal",""
"Cheese","Wisconsin Cheese","389 cal",""
"CreamCheese","Chive Cream Cheese","342 cal",""
"CreamCheese","Cottage Cheese","98 cal",""
"CreamCheese","Cream Cheese","342 cal",""
"CreamCheese","Cream Cheese with Herbs","342 cal",""
"CreamCheese","Feta Cream Cheese","342 cal",""
"CreamCheese","Garlic Cream Cheese","342 cal",""
"CreamCheese","Goat Cheese","364 cal",""
"CreamCheese","Horseradish","48 cal",""
"CreamCheese","Mascarpone","450 cal",""
"CreamCheese","Obatzda","303 cal",""
"CreamCheese","Olive Cream Cheese","342 cal",""
"CreamCheese","Pesto Cream Cheese","342 cal",""
"CreamCheese","Philadelphia Cream Cheese","342 cal",""
"CreamCheese","Pineapple Cream Cheese","342 cal",""
"CreamCheese","Salmon Cream Cheese","342 cal",""
"CreamCheese","Vegetable Cream Cheese","342 cal",""
"CreamCheese","Walnut Cream Cheese","342 cal",""
"Milk&DairyProducts","Almond Milk","17 cal",""
"Milk&DairyProducts","Buttermilk","62 cal",""
"Milk&DairyProducts","Chocolate Mousse","225 cal",""
"Milk&DairyProducts","Coconut Milk","230 cal",""
"Milk&DairyProducts","Coffee Creamer","195 cal",""
"Milk&DairyProducts","Condensed Milk","321 cal",""
"Milk&DairyProducts","Cottage Cheese","98 cal",""
"Milk&DairyProducts","Cream","242 cal",""
"Milk&DairyProducts","Creme Fraiche","393 cal",""
"Milk&DairyProducts","Curd","98 cal",""
"Milk&DairyProducts","Custard","122 cal",""
"Milk&DairyProducts","Evaporated Milk","135 cal",""
"Milk&DairyProducts","Goat Milk","69 cal",""
"Milk&DairyProducts","Hot Chocolate","89 cal",""
"Milk&DairyProducts","Kefir","55 cal",""
"Milk&DairyProducts","Lactose-free Milk","52 cal",""
"Milk&DairyProducts","Lassi","75 cal",""
"Milk&DairyProducts","Milk","61 cal",""
"Milk&DairyProducts","Plain Yogurt","61 cal",""
"Milk&DairyProducts","Powdered Milk","496 cal",""
"Milk&DairyProducts","Quark","145 cal",""
"Milk&DairyProducts","Rice Milk","49 cal",""
"Milk&DairyProducts","Rice Pudding","118 cal",""
"Milk&DairyProducts","Semi-skimmed Milk","50 cal",""
"Milk&DairyProducts","Semolina Pudding","67 cal",""
"Milk&DairyProducts","Skim Milk","35 cal",""
"Milk&DairyProducts","Sour Cream","181 cal",""
"Milk&DairyProducts","Soy Milk","45 cal",""
"Milk&DairyProducts","Sweetened Condensed Milk","321 cal",""
"Milk&DairyProducts","Tzatziki","117 cal",""
"Milk&DairyProducts","Whipped Cream","257 cal",""
"Milk&DairyProducts","Whole Milk","61 cal",""
"Milk&DairyProducts","Yogurt","61 cal",""
"SlicedCheese","American Cheese","148 cal",""
"SlicedCheese","Applewood","410 cal",""
"SlicedCheese","Bergkäse","418 cal",""
"SlicedCheese","Butter Cheese","388 cal",""
"SlicedCheese","Cheddar","403 cal",""
"SlicedCheese","Cheese Platter","357 cal",""
"SlicedCheese","Cheese Slices","356 cal",""
"SlicedCheese","Colby Cheese","394 cal",""
"SlicedCheese","Colby-Jack Cheese","394 cal",""
"SlicedCheese","Cold Pack Cheese","246 cal",""
"SlicedCheese","Edam","357 cal",""
"SlicedCheese","Edam Cheese","357 cal",""
"SlicedCheese","Emmental","357 cal",""
"SlicedCheese","Emmentaler","357 cal",""
"SlicedCheese","Esrom (Cheese)","322 cal",""
"SlicedCheese","Fol Epi","388 cal",""
"SlicedCheese","Fresh Mozzarella","280 cal",""
"SlicedCheese","Gouda","356 cal",""
"SlicedCheese","Gouda Cheese","356 cal",""
"SlicedCheese","Havarti","371 cal",""
"SlicedCheese","Lacy Swiss Cheese","321 cal",""
"SlicedCheese","Leerdammer","284 cal",""
"SlicedCheese","Leerdammer Cheese","284 cal",""
"SlicedCheese","Maasdam Cheese","344 cal",""
"SlicedCheese","Monterey Jack Cheese","373 cal",""
"SlicedCheese","Mozzarella","280 cal",""
"SlicedCheese","Muenster Cheese","368 cal",""
"SlicedCheese","Pepper Cheese","100 cal",""
"SlicedCheese","Sandwich Cheese","148 cal",""
"SlicedCheese","Smoked Cheese","410 cal",""
"SlicedCheese","Tilsit","340 cal",""
"SlicedCheese","White American","148 cal",""
"SlicedCheese","White Cheddar","403 cal",""
"SlicedCheese","Young Gouda","356 cal",""
"Yogurt","Activia","74 cal",""
"Yogurt","Activia Lemon","100 cal",""
"Yogurt","Activia Strawberry","97 cal",""
"Yogurt","Aloe Vera Yogurt","85 cal",""
"Yogurt","Ayran","42 cal",""
"Yogurt","Bircher Muesli Yogurt","109 cal",""
"Yogurt","Blueberry Yogurt","105 cal",""
"Yogurt","Cherry Yogurt","97 cal",""
"Yogurt","Chocolate Yogurt","128 cal",""
"Yogurt","Cream Yogurt","124 cal",""
"Yogurt","Creamy Yogurt","90 cal",""
"Yogurt","Diet Yogurt","54 cal",""
"Yogurt","Fruit Yogurt","97 cal",""
"Yogurt","Greek Yogurt","53 cal",""
"Yogurt","Low-Fat Yogurt","63 cal",""
"Yogurt","Mocca Yogurt","100 cal",""
"Yogurt","Organic Yogurt","75 cal",""
"Yogurt","Peach Yogurt","97 cal",""
"Yogurt","Plain Yogurt","61 cal",""
"Yogurt","Probiotic Yogurt","80 cal",""
"Yogurt","Skim Milk Yogurt","56 cal",""
"Yogurt","Stracciatella Yogurt","139 cal",""
"Yogurt","Strawberry Yogurt","100 cal",""
"Yogurt","Vanilla Yogurt","101 cal",""
"Yogurt","Yogurt","61 cal",""
"Yogurt","Yogurt Corner","119 cal",""
"Yogurt","Yoplait Boston Cream Pie","90 cal",""
"Yogurt","Yoplait French Vanilla","100 cal",""
"Yogurt","Yoplait Greek Blueberry","100 cal",""
"Yogurt","Yoplait Greek Coconut","100 cal",""
"Yogurt","Yoplait Greek Strawberry","100 cal",""
"Yogurt","Yoplait Greek Vanilla","100 cal",""
"Yogurt","Yoplait Harvest Peach","100 cal",""
"Yogurt","Yoplait Key Lime Pie","100 cal",""
"Yogurt","Yoplait Mango","100 cal",""
"Yogurt","Yoplait Mixed Berry","100 cal",""
"Yogurt","Yoplait Pina Colada","100 cal",""
"Yogurt","Yoplait Strawberry","100 cal",""
"Yogurt","Yoplait Strawberry Banana","100 cal",""
"Yogurt","Yoplait Strawberry Cheesecake","100 cal",""
"Beef&Veal","Beef","171 cal",""
"Beef&Veal","Beef Brisket","137 cal",""
"Beef&Veal","Beef Fillet","189 cal",""
"Beef&Veal","Beef Goulash","123 cal",""
"Beef&Veal","Beef Minute Steak","133 cal",""
"Beef&Veal","Beef Neck","213 cal",""
"Beef&Veal","Beef Pancreas","271 cal",""
"Beef&Veal","Beef Patty","247 cal",""
"Beef&Veal","Beef Prime Rib","404 cal",""
"Beef&Veal","Beef Ribs","196 cal",""
"Beef&Veal","Beef Sirloin","182 cal",""
"Beef&Veal","Beef Suet","854 cal",""
"Beef&Veal","Beef Tallow","902 cal",""
"Beef&Veal","Beef Thymus","319 cal",""
"Beef&Veal","Beef Tripe","94 cal",""
"Beef&Veal","Chuck Roast","141 cal",""
"Beef&Veal","Chuck Steak","137 cal",""
"Beef&Veal","Filet Mignon","207 cal",""
"Beef&Veal","Flank Steak","194 cal",""
"Beef&Veal","Ground Beef","241 cal",""
"Beef&Veal","Ground Chuck","250 cal",""
"Beef&Veal","Ground Round","212 cal",""
"Beef&Veal","Minced Veal","143 cal",""
"Beef&Veal","Porterhouse Steak","247 cal",""
"Beef&Veal","Rib Eye Steak","217 cal",""
"Beef&Veal","Roast Beef","187 cal",""
"Beef&Veal","Rump Steak","171 cal",""
"Beef&Veal","Skirt Steak","205 cal",""
"Beef&Veal","Stew Beef","191 cal",""
"Beef&Veal","Strip Steak","117 cal",""
"Beef&Veal","T-Bone-Steak","221 cal",""
"Beef&Veal","Veal","282 cal",""
"Beef&Veal","Veal Breast","282 cal",""
"Beef&Veal","Veal Leg","211 cal",""
"Beef&Veal","Veal Roast Beef","175 cal",""
"Beef&Veal","Veal Shank","177 cal",""
"Beef&Veal","Veal Shoulder","183 cal",""
"Beef&Veal","Veal Sirloin","204 cal",""
"Beef&Veal","Veal Tenderloin","217 cal",""
"ColdCuts&LunchMeat","Baked Ham","343 cal",""
"ColdCuts&LunchMeat","Beef Salami","375 cal",""
"ColdCuts&LunchMeat","Boiled Ham","126 cal",""
"ColdCuts&LunchMeat","Bologna","247 cal",""
"ColdCuts&LunchMeat","Bresaola","178 cal",""
"ColdCuts&LunchMeat","Capicola","110 cal",""
"ColdCuts&LunchMeat","Chicken Breast Fillet","79 cal",""
"ColdCuts&LunchMeat","Chopped Ham","180 cal",""
"ColdCuts&LunchMeat","Chorizo","455 cal",""
"ColdCuts&LunchMeat","Corned Beef","251 cal",""
"ColdCuts&LunchMeat","Dutch Loaf","268 cal",""
"ColdCuts&LunchMeat","Ham","145 cal",""
"ColdCuts&LunchMeat","Ham Sausage","164 cal",""
"ColdCuts&LunchMeat","Head Cheese","157 cal",""
"ColdCuts&LunchMeat","Hickory Ham","188 cal",""
"ColdCuts&LunchMeat","Honey Ham","122 cal",""
"ColdCuts&LunchMeat","Liverwurst","326 cal",""
"ColdCuts&LunchMeat","Olive Loaf","232 cal",""
"ColdCuts&LunchMeat","Oven-Roasted Turkey Breast","104 cal",""
"ColdCuts&LunchMeat","Parma Ham","345 cal",""
"ColdCuts&LunchMeat","Pastrami","133 cal",""
"ColdCuts&LunchMeat","Pepperoni","494 cal",""
"ColdCuts&LunchMeat","Pimento Loaf","265 cal",""
"ColdCuts&LunchMeat","Pork Roast","247 cal",""
"ColdCuts&LunchMeat","Prosciutto","195 cal",""
"ColdCuts&LunchMeat","Roast Beef","267 cal",""
"ColdCuts&LunchMeat","Salami","336 cal",""
"ColdCuts&LunchMeat","Serrano Ham","300 cal",""
"ColdCuts&LunchMeat","Smoked Ham","107 cal",""
"ColdCuts&LunchMeat","Smoked Turkey Breast","104 cal",""
"ColdCuts&LunchMeat","Summer Sausage","298 cal",""
"ColdCuts&LunchMeat","Tongue","284 cal",""
"ColdCuts&LunchMeat","Turkey Breast","104 cal",""
"ColdCuts&LunchMeat","Turkey Ham","126 cal",""
"ColdCuts&LunchMeat","Turkey Salami","152 cal",""
"Meat","Alligator","232 cal",""
"Meat","Beef","248 cal",""
"Meat","Beef Brisket","242 cal",""
"Meat","Beef Jerky","410 cal",""
"Meat","Beef Ribs","238 cal",""
"Meat","Beef Tenderloin","218 cal",""
"Meat","Chicken","219 cal",""
"Meat","Chicken Breast","172 cal",""
"Meat","Chicken Drumstick","185 cal",""
"Meat","Chicken Fat","898 cal",""
"Meat","Chicken Giblets","158 cal",""
"Meat","Chicken Gizzards","146 cal",""
"Meat","Chicken Leg","174 cal",""
"Meat","Chicken Liver","167 cal",""
"Meat","Chicken Meat","172 cal",""
"Meat","Chicken Thigh","229 cal",""
"Meat","Chicken Wing","266 cal",""
"Meat","Chuck Steak","277 cal",""
"Meat","Cubed Steak","199 cal",""
"Meat","Duck","337 cal",""
"Meat","Filet Mignon","267 cal",""
"Meat","Flank Steak","194 cal",""
"Meat","Flat Iron Steak","137 cal",""
"Meat","Ground Beef","246 cal",""
"Meat","Ground Round","246 cal",""
"Meat","Ham","163 cal",""
"Meat","New York Strip Steak","199 cal",""
"Meat","Ostrich","145 cal",""
"Meat","Pork","196 cal",""
"Meat","Pork Baby Back Ribs","212 cal",""
"Meat","Pork Chops","196 cal",""
"Meat","Pork Country-Style Ribs","247 cal",""
"Meat","Pork Loin","204 cal",""
"Meat","Pork Roast","254 cal",""
"Meat","Pork Steaks","196 cal",""
"Meat","Roast Beef","140 cal",""
"Meat","Round Steak","182 cal",""
"Meat","Schnitzel","156 cal",""
"Meat","Spare Ribs","238 cal",""
"Meat","Standing Rib Roast","333 cal",""
"Meat","T-Bone Steak","202 cal",""
"Meat","Turkey","189 cal",""
"Meat","Turkey Breast","135 cal",""
"Meat","Turkey Legs","208 cal",""
"Meat","Turkey Steak","189 cal",""
"Meat","Turkey Wings","221 cal",""
"Offal&Giblets","Beef Brain","196 cal",""
"Offal&Giblets","Beef Heart","165 cal",""
"Offal&Giblets","Beef Kidney","158 cal",""
"Offal&Giblets","Beef Liver","191 cal",""
"Offal&Giblets","Beef Lung","120 cal",""
"Offal&Giblets","Beef Melt","271 cal",""
"Offal&Giblets","Beef Tongue","284 cal",""
"Offal&Giblets","Calf Brain","136 cal",""
"Offal&Giblets","Calf Liver","192 cal",""
"Offal&Giblets","Calf Lung","104 cal",""
"Offal&Giblets","Calf Melt","256 cal",""
"Offal&Giblets","Chicken Giblets","277 cal",""
"Offal&Giblets","Chicken Heart","185 cal",""
"Offal&Giblets","Chicken Liver","172 cal",""
"Offal&Giblets","Chicken Stomach","148 cal",""
"Offal&Giblets","Chitterlings","233 cal",""
"Offal&Giblets","Duck Liver","136 cal",""
"Offal&Giblets","Goose Liver","133 cal",""
"Offal&Giblets","Hog Maws","157 cal",""
"Offal&Giblets","Pig Brain","138 cal",""
"Offal&Giblets","Pig Heart","148 cal",""
"Offal&Giblets","Pig Kidney","151 cal",""
"Offal&Giblets","Pig Lung","99 cal",""
"Offal&Giblets","Pork Liver","165 cal",""
"Offal&Giblets","Pork Melt","219 cal",""
"Offal&Giblets","Pork Tongue","271 cal",""
"Offal&Giblets","Turkey Giblets","173 cal",""
"Offal&Giblets","Turkey Heart","174 cal",""
"Offal&Giblets","Turkey Liver","189 cal",""
"Offal&Giblets","Turkey Stomach","148 cal",""
"Offal&Giblets","Veal Heart","186 cal",""
"Offal&Giblets","Veal Kidney","163 cal",""
"Offal&Giblets","Veal Tongue","202 cal",""
"Pork","Bacon","407 cal",""
"Pork","Brawn","309 cal",""
"Pork","Canadian-Style Bacon","107 cal",""
"Pork","Chitterlings","233 cal",""
"Pork","Ground Pork","263 cal",""
"Pork","Hog Maws","250 cal",""
"Pork","Lard","898 cal",""
"Pork","Meatloaf","89 cal",""
"Pork","Parma Ham","261 cal",""
"Pork","Pig Ear","166 cal",""
"Pork","Pig Fat","638 cal",""
"Pork","Pig’s Tail","396 cal",""
"Pork","Pig’s Trotter","243 cal",""
"Pork","Pork Bacon","407 cal",""
"Pork","Pork Belly","518 cal",""
"Pork","Pork Blade Steak","232 cal",""
"Pork","Pork Chop","123 cal",""
"Pork","Pork Country-Style Ribs","133 cal",""
"Pork","Pork Crown Roast","212 cal",""
"Pork","Pork Cutlet","131 cal",""
"Pork","Pork Cutlets","131 cal",""
"Pork","Pork Leg","201 cal",""
"Pork","Pork Loin","143 cal",""
"Pork","Pork Meatloaf","243 cal",""
"Pork","Pork Ragout","73 cal",""
"Pork","Pork Rib Roast","159 cal",""
"Pork","Pork Ribs","292 cal",""
"Pork","Pork Roast","194 cal",""
"Pork","Pork Sausage","339 cal",""
"Pork","Pork Shank","172 cal",""
"Pork","Pork Shoulder","269 cal",""
"Pork","Pork Shoulder Blade","232 cal",""
"Pork","Pork Stomach","250 cal",""
"Pork","Rack of Pork","241 cal",""
"Pork","Salt Meat","286 cal",""
"Pork","Salt Pork","286 cal",""
"Pork","Serrano Ham","339 cal",""
"Pork","Spare Ribs","396 cal",""
"Pork","Spareribs","238 cal",""
"Poultry&Fowl","Capon","229 cal",""
"Poultry&Fowl","Chicken","219 cal",""
"Poultry&Fowl","Chicken Breast","172 cal",""
"Poultry&Fowl","Chicken Drumsticks","185 cal",""
"Poultry&Fowl","Chicken Gizzards","154 cal",""
"Poultry&Fowl","Chicken Legs","174 cal",""
"Poultry&Fowl","Chicken Thighs","229 cal",""
"Poultry&Fowl","Chicken Wings","266 cal",""
"Poultry&Fowl","Cornish Hens","259 cal",""
"Poultry&Fowl","Dove","213 cal",""
"Poultry&Fowl","Duck","337 cal",""
"Poultry&Fowl","Duck Breast","201 cal",""
"Poultry&Fowl","Emu","152 cal",""
"Poultry&Fowl","Goose","305 cal",""
"Poultry&Fowl","Guinea-Fowl","158 cal",""
"Poultry&Fowl","Ostrich","145 cal",""
"Poultry&Fowl","Ostrich Meat","145 cal",""
"Poultry&Fowl","Pheasant","239 cal",""
"Poultry&Fowl","Pheasant Breast","133 cal",""
"Poultry&Fowl","Pheasant Leg","239 cal",""
"Poultry&Fowl","Pigeon","142 cal",""
"Poultry&Fowl","Poularde","200 cal",""
"Poultry&Fowl","Quail","227 cal",""
"Poultry&Fowl","Quail Breast","123 cal",""
"Poultry&Fowl","Rhea","160 cal",""
"Poultry&Fowl","Turkey","189 cal",""
"Poultry&Fowl","Turkey Breast","135 cal",""
"Poultry&Fowl","Turkey Cutlet","189 cal",""
"Poultry&Fowl","Turkey Drumsticks","208 cal",""
"Poultry&Fowl","Turkey Legs","208 cal",""
"Poultry&Fowl","Turkey Steak","189 cal",""
"Poultry&Fowl","Turkey Wings","221 cal",""
"Poultry&Fowl","Wild Duck","211 cal",""
"Sausage","Andouille","232 cal",""
"Sausage","Bacon","407 cal",""
"Sausage","Black Pudding","379 cal",""
"Sausage","Blood Sausage","379 cal",""
"Sausage","Bockwurst","301 cal",""
"Sausage","Boiled Ham","104 cal",""
"Sausage","Bologna","247 cal",""
"Sausage","Boudin","194 cal",""
"Sausage","Bratwurst","297 cal",""
"Sausage","Brawn","157 cal",""
"Sausage","Breakfast Sausage Links","339 cal",""
"Sausage","Cheese Pastry","374 cal",""
"Sausage","Chicken Breast","79 cal",""
"Sausage","Chicken Meat","79 cal",""
"Sausage","Chicken Salad","81 cal",""
"Sausage","Chorizo","455 cal",""
"Sausage","Cooked Ham","133 cal",""
"Sausage","Corned Beef","153 cal",""
"Sausage","Cumberland Sausage","250 cal",""
"Sausage","Frankfurters","305 cal",""
"Sausage","Garlic Sausage","169 cal",""
"Sausage","Hot Dogs","278 cal",""
"Sausage","Hot Sausage","259 cal",""
"Sausage","Italian Sausage","149 cal",""
"Sausage","Jerky","410 cal",""
"Sausage","Kielbasa","309 cal",""
"Sausage","Knackwurst","307 cal",""
"Sausage","Landjaeger","352 cal",""
"Sausage","Linguica","282 cal",""
"Sausage","Liver Pate","319 cal",""
"Sausage","Liverwurst","326 cal",""
"Sausage","Luncheon Meat","117 cal",""
"Sausage","Mettwurst","310 cal",""
"Sausage","Mortadella","311 cal",""
"Sausage","Pastrami","133 cal",""
"Sausage","Pepperoni","494 cal",""
"Sausage","Polish Sausage","301 cal",""
"Sausage","Pork","247 cal",""
"Sausage","Pork Roll","302 cal",""
"Sausage","Prosciutto","195 cal",""
"Sausage","Ring Bologna","286 cal",""
"Sausage","Salami","336 cal",""
"Sausage","Sausage","230 cal",""
"Sausage","Smoked Sausage","301 cal",""
"Sausage","Souse","157 cal",""
"Sausage","Spam","315 cal",""
"Sausage","Weisswurst","313 cal",""
"Venison&Game","Alligator","104 cal",""
"Venison&Game","Alligator Meat","232 cal",""
"Venison&Game","Antelope Meat","150 cal",""
"Venison&Game","Bear Meat","259 cal",""
"Venison&Game","Beaver Meat","212 cal",""
"Venison&Game","Bison","171 cal",""
"Venison&Game","Bison Meat","171 cal",""
"Venison&Game","Bison Sirloin","171 cal",""
"Venison&Game","Buffalo","131 cal",""
"Venison&Game","Buffalo Meat","131 cal",""
"Venison&Game","Caribou","159 cal",""
"Venison&Game","Goose","238 cal",""
"Venison&Game","Goose Meat","238 cal",""
"Venison&Game","Lamb","202 cal",""
"Venison&Game","Lamb Meat","202 cal",""
"Venison&Game","Mallard Duck Meat","211 cal",""
"Venison&Game","Mallard Meat","211 cal",""
"Venison&Game","Moose","134 cal",""
"Venison&Game","Moose Meat","134 cal",""
"Venison&Game","Mutton","234 cal",""
"Venison&Game","Mutton Meat","234 cal",""
"Venison&Game","Ostrich","175 cal",""
"Venison&Game","Ostrich Meat","175 cal",""
"Venison&Game","Pheasant","239 cal",""
"Venison&Game","Pheasant Meat","239 cal",""
"Venison&Game","Rabbit","197 cal",""
"Venison&Game","Racoon","255 cal",""
"Venison&Game","Racoon Meat","255 cal",""
"Venison&Game","Reindeer","200 cal",""
"Venison&Game","Reindeer Meat","200 cal",""
"Venison&Game","Squirrel","173 cal",""
"Venison&Game","Squirrel Meat","173 cal",""
"Venison&Game","Venison","164 cal",""
"Venison&Game","Venison Sirloin","158 cal",""
"Venison&Game","Wild Boar","160 cal",""
"Venison&Game","Wild Boar Meat","160 cal",""
"Cakes&Pies","Angel Food Cake","258 cal",""
"Cakes&Pies","Apple Cake","252 cal",""
"Cakes&Pies","Apple Cobbler","198 cal",""
"Cakes&Pies","Apple Crisp","156 cal",""
"Cakes&Pies","Apple Crumble","156 cal",""
"Cakes&Pies","Apple Pie","237 cal",""
"Cakes&Pies","Apple Strudel","274 cal",""
"Cakes&Pies","Apple Turnover","348 cal",""
"Cakes&Pies","Applesauce Cake","358 cal",""
"Cakes&Pies","Baked Alaska","247 cal",""
"Cakes&Pies","Bakewell Tart","430 cal",""
"Cakes&Pies","Banoffee Pie","395 cal",""
"Cakes&Pies","Birthday Cake","465 cal",""
"Cakes&Pies","Black and White Cookie","381 cal",""
"Cakes&Pies","Black Forest Cake","264 cal",""
"Cakes&Pies","Blueberry Cobbler","234 cal",""
"Cakes&Pies","Blueberry Muffin","377 cal",""
"Cakes&Pies","Blueberry Pie","232 cal",""
"Cakes&Pies","Bundt Cake","370 cal",""
"Cakes&Pies","Buttermilk Pie","380 cal",""
"Cakes&Pies","Caramel Cake","475 cal",""
"Cakes&Pies","Carrot Cake","408 cal",""
"Cakes&Pies","Cheesecake","321 cal",""
"Cakes&Pies","Cherry Pie","260 cal",""
"Cakes&Pies","Chess Pie","411 cal",""
"Cakes&Pies","Chocolate Cake","389 cal",""
"Cakes&Pies","Chocolate Cream Pie","304 cal",""
"Cakes&Pies","Chocolate Mousse Cake","260 cal",""
"Cakes&Pies","Chocolate Mousse Pie","260 cal",""
"Cakes&Pies","Chocolate Muffin","420 cal",""
"Cakes&Pies","Coconut Cake","356 cal",""
"Cakes&Pies","Coffee Cake","331 cal",""
"Cakes&Pies","Cream Puff","334 cal",""
"Cakes&Pies","Crumb Cake","441 cal",""
"Cakes&Pies","Cupcake","305 cal",""
"Cakes&Pies","Danish Pastry","374 cal",""
"Cakes&Pies","Donut","403 cal",""
"Cakes&Pies","Doughnut","403 cal",""
"Cakes&Pies","Flan","145 cal",""
"Cakes&Pies","Flourless Chocolate Cake","509 cal",""
"Cakes&Pies","French Cruller","412 cal",""
"Cakes&Pies","Fruit Cake","324 cal",""
"Cakes&Pies","Funnel Cake","307 cal",""
"Cakes&Pies","German Chocolate Cake","370 cal",""
"Cakes&Pies","Gingerbread","356 cal",""
"Cakes&Pies","Ice Cream Cake","200 cal",""
"Cakes&Pies","Key Lime Pie","359 cal",""
"Cakes&Pies","King Cake","377 cal",""
"Cakes&Pies","Layer Cake","402 cal",""
"Cakes&Pies","Lemon Cake","352 cal",""
"Cakes&Pies","Lemon Meringue Pie","268 cal",""
"Cakes&Pies","Madeira Cake","394 cal",""
"Cakes&Pies","Marble Cake","339 cal",""
"Cakes&Pies","Meringue","285 cal",""
"Cakes&Pies","Opera Cake","320 cal",""
"Cakes&Pies","Paczki","336 cal",""
"Cakes&Pies","Pancake","227 cal",""
"Cakes&Pies","Panettone","360 cal",""
"Cakes&Pies","Pavlova","294 cal",""
"Cakes&Pies","Peach Cobbler","65 cal",""
"Cakes&Pies","Peach Pie","223 cal",""
"Cakes&Pies","Pecan Pie","407 cal",""
"Cakes&Pies","Pineapple Upside-Down Cake","319 cal",""
"Cakes&Pies","Plum Cake","109 cal",""
"Cakes&Pies","Poppy-Seed Cake","394 cal",""
"Cakes&Pies","Pound Cake","390 cal",""
"Cakes&Pies","Profiterole","334 cal",""
"Cakes&Pies","Puff Pastry","558 cal",""
"Cakes&Pies","Pumpkin Bread","298 cal",""
"Cakes&Pies","Pumpkin Cheesecake","340 cal",""
"Cakes&Pies","Pumpkin Pie","243 cal",""
"Cakes&Pies","Raspberry Pie","240 cal",""
"Cakes&Pies","Red Velvet Cake","367 cal",""
"Cakes&Pies","Rhubarb Pie","245 cal",""
"Cakes&Pies","Rum Cake","351 cal",""
"Cakes&Pies","Sacher Torte","352 cal",""
"Cakes&Pies","Sponge Cake","289 cal",""
"Cakes&Pies","Strawberry Cheesecake","327 cal",""
"Cakes&Pies","Strawberry Pie","230 cal",""
"Cakes&Pies","Strawberry Rhubarb Pie","281 cal",""
"Cakes&Pies","Sweet Potato Pie","260 cal",""
"Cakes&Pies","Swiss Roll","439 cal",""
"Cakes&Pies","Tarte Tatin","210 cal",""
"Cakes&Pies","Tiramisu","283 cal",""
"Cakes&Pies","Tiramisu Cake","291 cal",""
"Cakes&Pies","Treacle Tart","369 cal",""
"Cakes&Pies","Tres Leches Cake","246 cal",""
"Cakes&Pies","Trifle","180 cal",""
"Cakes&Pies","Victoria Sponge Cake","257 cal",""
"Cakes&Pies","Waffles","312 cal",""
"Cakes&Pies","Wedding Cake","381 cal",""
"Candy&Sweets","3 Musketeers","400 cal",""
"Candy&Sweets","After Eight","452 cal",""
"Candy&Sweets","Airheads","375 cal",""
"Candy&Sweets","Almond Roca","571 cal",""
"Candy&Sweets","Angel Delight","451 cal",""
"Candy&Sweets","Animal Crackers","446 cal",""
"Candy&Sweets","Baby Ruth","469 cal",""
"Candy&Sweets","Butterfinger","450 cal",""
"Candy&Sweets","Buttermilk Pancakes","238 cal",""
"Candy&Sweets","Candy Apple","152 cal",""
"Candy&Sweets","Candy Cane","423 cal",""
"Candy&Sweets","Candy canes","423 cal",""
"Candy&Sweets","Candy Corn","360 cal",""
"Candy&Sweets","Candy Floss","400 cal",""
"Candy&Sweets","Caramel Popcorn","376 cal",""
"Candy&Sweets","Caramel squares","367 cal",""
"Candy&Sweets","Celebrations","490 cal",""
"Candy&Sweets","Cheez-It’s","533 cal",""
"Candy&Sweets","Chocolate","529 cal",""
"Candy&Sweets","Chocolate Bar","533 cal",""
"Candy&Sweets","Chocolate Chips","493 cal",""
"Candy&Sweets","Cookies","488 cal",""
"Candy&Sweets","Cotton Candy","643 cal",""
"Candy&Sweets","Eggy Bread","196 cal",""
"Candy&Sweets","Fairy Cakes","440 cal",""
"Candy&Sweets","Ferrero Rocher","576 cal",""
"Candy&Sweets","Flapjack","486 cal",""
"Candy&Sweets","Fortune Cookies","214 cal",""
"Candy&Sweets","Granola Bars","452 cal",""
"Candy&Sweets","Gumdrops","321 cal",""
"Candy&Sweets","Gummi Bears","316 cal",""
"Candy&Sweets","Hanuta","541 cal",""
"Candy&Sweets","Hershey Kisses","471 cal",""
"Candy&Sweets","Jelly Beans","354 cal",""
"Candy&Sweets","Jelly Belly","354 cal",""
"Candy&Sweets","Jolly Ranchers","385 cal",""
"Candy&Sweets","Jordan Almonds","429 cal",""
"Candy&Sweets","Kit Kat","521 cal",""
"Candy&Sweets","Laffy Taffy","372 cal",""
"Candy&Sweets","Licorice","375 cal",""
"Candy&Sweets","LifeSavers","500 cal",""
"Candy&Sweets","Lindt Chocolate","548 cal",""
"Candy&Sweets","Liquorice","375 cal",""
"Candy&Sweets","Lollipop","392 cal",""
"Candy&Sweets","M&M’s","479 cal",""
"Candy&Sweets","Maltesers","498 cal",""
"Candy&Sweets","Mars Bar","448 cal",""
"Candy&Sweets","Marshmallows","318 cal",""
"Candy&Sweets","Marzipan","411 cal",""
"Candy&Sweets","Mike and Ike","360 cal",""
"Candy&Sweets","Milk Duds","422 cal",""
"Candy&Sweets","Milky Way","449 cal",""
"Candy&Sweets","PayDay","462 cal",""
"Candy&Sweets","Peanut Bar","533 cal",""
"Candy&Sweets","Peanut Brittle","183 cal",""
"Candy&Sweets","Peanut Butter Bars","379 cal",""
"Candy&Sweets","Peanut Butter Cookies","475 cal",""
"Candy&Sweets","Peppermint bark","500 cal",""
"Candy&Sweets","Pez","427 cal",""
"Candy&Sweets","Pop Rocks","358 cal",""
"Candy&Sweets","Popcorn","582 cal",""
"Candy&Sweets","Pumpkin Seeds","560 cal",""
"Candy&Sweets","Reeses Peanut Butter Cups","536 cal",""
"Candy&Sweets","Rice Pudding","134 cal",""
"Candy&Sweets","Roasted Almonds","452 cal",""
"Candy&Sweets","Rolo","474 cal",""
"Candy&Sweets","S’mores","500 cal",""
"Candy&Sweets","Semolina","340 cal",""
"Candy&Sweets","Skittles","405 cal",""
"Candy&Sweets","Smarties","357 cal",""
"Candy&Sweets","Smores","500 cal",""
"Candy&Sweets","Snickers","484 cal",""
"Candy&Sweets","Sour Patch Kids","363 cal",""
"Candy&Sweets","Speculoos","469 cal",""
"Candy&Sweets","Spritz Cookies","500 cal",""
"Candy&Sweets","Take 5","476 cal",""
"Candy&Sweets","Toblerone","525 cal",""
"Candy&Sweets","Trifle","186 cal",""
"Candy&Sweets","Twix","495 cal",""
"Candy&Sweets","Waffles","272 cal",""
"Candy&Sweets","Whoopie Pie","400 cal",""
"IceCream","Baskin-Robbins","239 cal",""
"IceCream","Ben and Jerry’s","228 cal",""
"IceCream","Butter Pecan Ice Cream","248 cal",""
"IceCream","Carvel","212 cal",""
"IceCream","Chocolate Chip Ice Cream","215 cal",""
"IceCream","Chocolate Ice Cream","216 cal",""
"IceCream","Ciao Bella","109 cal",""
"IceCream","Coffee Ice Cream","236 cal",""
"IceCream","Cold Stone Creamery","232 cal",""
"IceCream","Cookie Dough Ice Cream","200 cal",""
"IceCream","Crunchie McFlurry","174 cal",""
"IceCream","Dairy Milk McFlurry","186 cal",""
"IceCream","Dippin Dots","224 cal",""
"IceCream","Double Rainbow","257 cal",""
"IceCream","Drumsticks","255 cal",""
"IceCream","French Vanilla Ice Cream","201 cal",""
"IceCream","Friendly’s","212 cal",""
"IceCream","Healthy Choice","125 cal",""
"IceCream","Hot Fudge Sundae","186 cal",""
"IceCream","Ice Cream Sandwich","237 cal",""
"IceCream","Ice Cream Sundae","142 cal",""
"IceCream","Ice Milk","159 cal",""
"IceCream","Magnolia","230 cal",""
"IceCream","Magnum","300 cal",""
"IceCream","Magnum Almond","315 cal",""
"IceCream","Magnum Double Caramel","355 cal",""
"IceCream","Magnum Double Chocolate","380 cal",""
"IceCream","Magnum Gold","341 cal",""
"IceCream","Magnum White","297 cal",""
"IceCream","McFlurry","153 cal",""
"IceCream","McFlurry Oreo","186 cal",""
"IceCream","Mini Milk","120 cal",""
"IceCream","Mint Chocolate Chip Ice Cream","239 cal",""
"IceCream","Rocky Road Ice Cream","257 cal",""
"IceCream","Schwan’s","246 cal",""
"IceCream","Smarties McFlurry","198 cal",""
"IceCream","Snickers Ice Cream","360 cal",""
"IceCream","Soft Serve","222 cal",""
"IceCream","Solero","100 cal",""
"IceCream","Strawberry Ice Cream","236 cal",""
"IceCream","Strawberry Sundae","158 cal",""
"IceCream","Sundae","215 cal",""
"IceCream","Turkey Hill","271 cal",""
"IceCream","Vanilla Cone","162 cal",""
"IceCream","Vanilla Ice Cream","201 cal",""
"(Fruit)Juices","Acai Juice","58 cal",""
"(Fruit)Juices","Aloe Vera","44 cal",""
"(Fruit)Juices","Apple Juice","46 cal",""
"(Fruit)Juices","Apricot Nectar","56 cal",""
"(Fruit)Juices","Banana Juice","50 cal",""
"(Fruit)Juices","Blackberry Juice","48 cal",""
"(Fruit)Juices","Boysenberry Juice","54 cal",""
"(Fruit)Juices","Capri-Sun","41 cal",""
"(Fruit)Juices","Carrot Juice","40 cal",""
"(Fruit)Juices","Chamomile Tea","0 cal",""
"(Fruit)Juices","Cherry Juice","45 cal",""
"(Fruit)Juices","Clamato","60 cal",""
"(Fruit)Juices","Coconut Milk","233 cal",""
"(Fruit)Juices","Coconut Water","19 cal",""
"(Fruit)Juices","Concord Grape","71 cal",""
"(Fruit)Juices","Cranberry Apple Juice","67 cal",""
"(Fruit)Juices","Cranberry Grape Juice","71 cal",""
"(Fruit)Juices","Cranberry Juice","46 cal",""
"(Fruit)Juices","Cucumber Juice","10 cal",""
"(Fruit)Juices","Currant Juice","48 cal",""
"(Fruit)Juices","Energy-Drink","87 cal",""
"(Fruit)Juices","Fruitopia","110 cal",""
"(Fruit)Juices","Grape Juice","60 cal",""
"(Fruit)Juices","Grapefruit Juice","46 cal",""
"(Fruit)Juices","Lemon Juice","21 cal",""
"(Fruit)Juices","Lemonade","50 cal",""
"(Fruit)Juices","Lime Juice","21 cal",""
"(Fruit)Juices","Limeade","128 cal",""
"(Fruit)Juices","Mango Lassi","66 cal",""
"(Fruit)Juices","Nestea","21 cal",""
"(Fruit)Juices","Orange Juice","46 cal",""
"(Fruit)Juices","Papaya Juice","58 cal",""
"(Fruit)Juices","Passion Fruit Juice","48 cal",""
"(Fruit)Juices","Peach Juice","54 cal",""
"(Fruit)Juices","Peach Nectar","54 cal",""
"(Fruit)Juices","Pear Juice","60 cal",""
"(Fruit)Juices","Pear Nectar","60 cal",""
"(Fruit)Juices","Pineapple Juice","53 cal",""
"(Fruit)Juices","Pineapple Orange Juice","50 cal",""
"(Fruit)Juices","Plum Juice","71 cal",""
"(Fruit)Juices","Pomegranate Juice","66 cal",""
"(Fruit)Juices","Sauerkraut Juice","14 cal",""
"(Fruit)Juices","Tangerine Juice","43 cal",""
"(Fruit)Juices","Tomato Juice","17 cal",""
"(Fruit)Juices","Vegetable Juice","21 cal",""
"(Fruit)Juices","White Grape Juice","75 cal",""
"AlcoholicDrinks&Beverages","Absinthe","348 cal",""
"AlcoholicDrinks&Beverages","Advocaat","283 cal",""
"AlcoholicDrinks&Beverages","Amaretto","310 cal",""
"AlcoholicDrinks&Beverages","Applejack","233 cal",""
"AlcoholicDrinks&Beverages","Asti","138 cal",""
"AlcoholicDrinks&Beverages","Bailey’s Irish Cream","327 cal",""
"AlcoholicDrinks&Beverages","Baileys","327 cal",""
"AlcoholicDrinks&Beverages","Beer","43 cal",""
"AlcoholicDrinks&Beverages","Blue Curacao","243 cal",""
"AlcoholicDrinks&Beverages","Bourbon","233 cal",""
"AlcoholicDrinks&Beverages","Brandy","213 cal",""
"AlcoholicDrinks&Beverages","Canadian Whiskey","216 cal",""
"AlcoholicDrinks&Beverages","Chambord","348 cal",""
"AlcoholicDrinks&Beverages","Champagne","75 cal",""
"AlcoholicDrinks&Beverages","Cider","49 cal",""
"AlcoholicDrinks&Beverages","Cognac","235 cal",""
"AlcoholicDrinks&Beverages","Cointreau","320 cal",""
"AlcoholicDrinks&Beverages","Drambuie","358 cal",""
"AlcoholicDrinks&Beverages","Frangelico","238 cal",""
"AlcoholicDrinks&Beverages","Gin","263 cal",""
"AlcoholicDrinks&Beverages","Glenfiddich","230 cal",""
"AlcoholicDrinks&Beverages","Grand Marnier","253 cal",""
"AlcoholicDrinks&Beverages","Irish Whiskey","233 cal",""
"AlcoholicDrinks&Beverages","Jack Daniel’s","146 cal",""
"AlcoholicDrinks&Beverages","Jagermeister","250 cal",""
"AlcoholicDrinks&Beverages","Jim Beam","222 cal",""
"AlcoholicDrinks&Beverages","Kahlua","180 cal",""
"AlcoholicDrinks&Beverages","Liqueur","250 cal",""
"AlcoholicDrinks&Beverages","Liquor","250 cal",""
"AlcoholicDrinks&Beverages","Midori","267 cal",""
"AlcoholicDrinks&Beverages","Prosecco","66 cal",""
"AlcoholicDrinks&Beverages","Punch","62 cal",""
"AlcoholicDrinks&Beverages","Red Wine","85 cal",""
"AlcoholicDrinks&Beverages","Rose Wine","71 cal",""
"AlcoholicDrinks&Beverages","Rum","231 cal",""
"AlcoholicDrinks&Beverages","Sambuca","333 cal",""
"AlcoholicDrinks&Beverages","Sangria","96 cal",""
"AlcoholicDrinks&Beverages","Scotch","222 cal",""
"AlcoholicDrinks&Beverages","Sherry","116 cal",""
"AlcoholicDrinks&Beverages","Sloe Gin","332 cal",""
"AlcoholicDrinks&Beverages","Southern Comfort","247 cal",""
"AlcoholicDrinks&Beverages","Tequila","110 cal",""
"AlcoholicDrinks&Beverages","Triple Sec","153 cal",""
"AlcoholicDrinks&Beverages","Vermouth","130 cal",""
"AlcoholicDrinks&Beverages","Vodka","231 cal",""
"AlcoholicDrinks&Beverages","Whisky","250 cal",""
"AlcoholicDrinks&Beverages","White Wine","82 cal",""
"AlcoholicDrinks&Beverages","Wine","83 cal",""
"Beer","Ale","35 cal",""
"Beer","Altbier","43 cal",""
"Beer","Bass","45 cal",""
"Beer","Beck’s","39 cal",""
"Beer","Beer","43 cal",""
"Beer","Blue Moon","48 cal",""
"Beer","Bock Beer","50 cal",""
"Beer","Buckler (N.A.)","21 cal",""
"Beer","Bud Ice","35 cal",""
"Beer","Bud Light","29 cal",""
"Beer","Bud Light Chelada","43 cal",""
"Beer","Bud Light Lime","34 cal",""
"Beer","Bud Select","28 cal",""
"Beer","Bud Select 55","15 cal",""
"Beer","Budweiser","41 cal",""
"Beer","Budweiser Chelada","52 cal",""
"Beer","Busch","37 cal",""
"Beer","Busch Light","27 cal",""
"Beer","Busch N.A.","17 cal",""
"Beer","Carlsberg","32 cal",""
"Beer","Clausthaler (N.A.)","26 cal",""
"Beer","Colt 45","44 cal",""
"Beer","Coors","42 cal",""
"Beer","Coors Light","29 cal",""
"Beer","Coors N.A.","18 cal",""
"Beer","Corona","42 cal",""
"Beer","Dark Beer","46 cal",""
"Beer","Genesee Cream Ale","46 cal",""
"Beer","Ginger Beer","42 cal",""
"Beer","Guinness","35 cal",""
"Beer","Heineken","35 cal",""
"Beer","Honey Brown","42 cal",""
"Beer","Hurricane High Gravity","39 cal",""
"Beer","IPA","51 cal",""
"Beer","Keystone Ice","40 cal",""
"Beer","Keystone Light","29 cal",""
"Beer","Koelsch","43 cal",""
"Beer","Labatt","43 cal",""
"Beer","Lager Beer","43 cal",""
"Beer","Land Shark","42 cal",""
"Beer","Light Beer","29 cal",""
"Beer","Lowenbrau","45 cal",""
"Beer","Malt Beer","37 cal",""
"Beer","Michelob Amber Bock","47 cal",""
"Beer","Michelob Lager","44 cal",""
"Beer","Michelob Light","32 cal",""
"Beer","Michelob Ultra","27 cal",""
"Beer","Michelob Ultra Amber","26 cal",""
"Beer","Michelob Ultra Lime Cactus","27 cal",""
"Beer","Miller Chill","31 cal",""
"Beer","Miller Genuine Draft","40 cal",""
"Beer","Miller High Life","40 cal",""
"Beer","Miller High Life Light","31 cal",""
"Beer","Miller Lite","27 cal",""
"Beer","Milwaukee’s Best","36 cal",""
"Beer","Milwaukee’s Best Light","28 cal",""
"Beer","Molson","42 cal",""
"Beer","Natural Ice","44 cal",""
"Beer","Natural Light","27 cal",""
"Beer","Newcastle","39 cal",""
"Beer","Non-alcoholic Beer","37 cal",""
"Beer","O’Doul’s (N.A.)","19 cal",""
"Beer","Old Milwaukee","41 cal",""
"Beer","Old Milwaukee N.A.","16 cal",""
"Beer","Olde English","45 cal",""
"Beer","Pabst Blue Ribbon","41 cal",""
"Beer","Pale Ale","42 cal",""
"Beer","Pilsner","43 cal",""
"Beer","Porter","54 cal",""
"Beer","Redbridge (Gluten-free)","45 cal",""
"Beer","Rolling Rock","37 cal",""
"Beer","Rolling Rock Light","30 cal",""
"Beer","Root Beer","41 cal",""
"Beer","Samuel Adams","45 cal",""
"Beer","Shock Top","47 cal",""
"Beer","Shock Top Raspberry Wheat","50 cal",""
"Beer","Sierra Nevada Strong","62 cal",""
"Beer","Sparks","74 cal",""
"Beer","St. Pauli Girl","42 cal",""
"Beer","Steel Reserve","63 cal",""
"Beer","Stout","51 cal",""
"Beer","Stout Beer","51 cal",""
"Beer","Strong Beer","55 cal",""
"Beer","Tilt","64 cal",""
"Beer","Wheat Beer","45 cal",""
"Non-AlcoholicDrinks&Beverages","ACE Drink","44 cal",""
"Non-AlcoholicDrinks&Beverages","Apple Spritzer","24 cal",""
"Non-AlcoholicDrinks&Beverages","Chai","0 cal",""
"Non-AlcoholicDrinks&Beverages","Chai Tea","0 cal",""
"Non-AlcoholicDrinks&Beverages","Chocolate Milk","89 cal",""
"Non-AlcoholicDrinks&Beverages","Chocolate Milkshake","125 cal",""
"Non-AlcoholicDrinks&Beverages","Club Mate","30 cal",""
"Non-AlcoholicDrinks&Beverages","Coca Cola","42 cal",""
"Non-AlcoholicDrinks&Beverages","Coffee","1 cal",""
"Non-AlcoholicDrinks&Beverages","Coke Zero","1 cal",""
"Non-AlcoholicDrinks&Beverages","Cola","42 cal",""
"Non-AlcoholicDrinks&Beverages","Crystal Light","263 cal",""
"Non-AlcoholicDrinks&Beverages","Diet Coke","1 cal",""
"Non-AlcoholicDrinks&Beverages","Egg Cream","94 cal",""
"Non-AlcoholicDrinks&Beverages","Egg Nog","88 cal",""
"Non-AlcoholicDrinks&Beverages","Elderflower Cordial","29 cal",""
"Non-AlcoholicDrinks&Beverages","Evian","0 cal",""
"Non-AlcoholicDrinks&Beverages","Gatorade","23 cal",""
"Non-AlcoholicDrinks&Beverages","Ginger Tea","0 cal",""
"Non-AlcoholicDrinks&Beverages","Hawaiian Punch","31 cal",""
"Non-AlcoholicDrinks&Beverages","Hi-C","49 cal",""
"Non-AlcoholicDrinks&Beverages","Horchata","54 cal",""
"Non-AlcoholicDrinks&Beverages","Hot Chocolate","89 cal",""
"Non-AlcoholicDrinks&Beverages","Ice Tea","27 cal",""
"Non-AlcoholicDrinks&Beverages","Iced Tea","27 cal",""
"Non-AlcoholicDrinks&Beverages","Karamalz","37 cal",""
"Non-AlcoholicDrinks&Beverages","Kombucha","13 cal",""
"Non-AlcoholicDrinks&Beverages","Kool-Aid","26 cal",""
"Non-AlcoholicDrinks&Beverages","Lassi","104 cal",""
"Non-AlcoholicDrinks&Beverages","Latte Macchiato","57 cal",""
"Non-AlcoholicDrinks&Beverages","Lemonade","42 cal",""
"Non-AlcoholicDrinks&Beverages","Malt Beer","37 cal",""
"Non-AlcoholicDrinks&Beverages","Milk","61 cal",""
"Non-AlcoholicDrinks&Beverages","Milkshake (dry)","329 cal",""
"Non-AlcoholicDrinks&Beverages","Milo","409 cal",""
"Non-AlcoholicDrinks&Beverages","Nectar","53 cal",""
"Non-AlcoholicDrinks&Beverages","Nestea","36 cal",""
"Non-AlcoholicDrinks&Beverages","Non-alcoholic Beer","37 cal",""
"Non-AlcoholicDrinks&Beverages","Powerade","16 cal",""
"Non-AlcoholicDrinks&Beverages","Slurpee","4 cal",""
"Non-AlcoholicDrinks&Beverages","Slush Puppie","50 cal",""
"Non-AlcoholicDrinks&Beverages","Smoothie","37 cal",""
"Non-AlcoholicDrinks&Beverages","Soy Milk","45 cal",""
"Non-AlcoholicDrinks&Beverages","Strawberry Milkshake","113 cal",""
"Non-AlcoholicDrinks&Beverages","Tang","381 cal",""
"Non-AlcoholicDrinks&Beverages","Tap Water","0 cal",""
"Non-AlcoholicDrinks&Beverages","Tea","1 cal",""
"Non-AlcoholicDrinks&Beverages","Vanilla Milkshake","149 cal",""
"Non-AlcoholicDrinks&Beverages","Volvic","0 cal",""
"Non-AlcoholicDrinks&Beverages","Water","0 cal",""
"Non-AlcoholicDrinks&Beverages","Yerba Mate","62 cal",""
"Soda&SoftDrinks","7up","44 cal",""
"Soda&SoftDrinks","Barq’s","46 cal",""
"Soda&SoftDrinks","Bitter Lemon","34 cal",""
"Soda&SoftDrinks","Canada Dry Ginger Ale","41 cal",""
"Soda&SoftDrinks","Cherry Coke","44 cal",""
"Soda&SoftDrinks","Coke","42 cal",""
"Soda&SoftDrinks","Coke Zero","0 cal",""
"Soda&SoftDrinks","Diet Cherry Coke","1 cal",""
"Soda&SoftDrinks","Diet Coke","1 cal",""
"Soda&SoftDrinks","Diet Dr. Pepper","0 cal",""
"Soda&SoftDrinks","Diet Pepsi","0 cal",""
"Soda&SoftDrinks","Diet Sunkist","0 cal",""
"Soda&SoftDrinks","Dr. Brown’s","53 cal",""
"Soda&SoftDrinks","Dr. Pepper","27 cal",""
"Soda&SoftDrinks","Fanta","39 cal",""
"Soda&SoftDrinks","Fanta Zero","0 cal",""
"Soda&SoftDrinks","Five Alive","35 cal",""
"Soda&SoftDrinks","Fresca","0 cal",""
"Soda&SoftDrinks","Full Throttle","110 cal",""
"Soda&SoftDrinks","Fuze","20 cal",""
"Soda&SoftDrinks","Fuze Tea","25 cal",""
"Soda&SoftDrinks","Gatorade","25 cal",""
"Soda&SoftDrinks","Ginger Ale","35 cal",""
"Soda&SoftDrinks","Ice Tea","27 cal",""
"Soda&SoftDrinks","Jolt Cola","44 cal",""
"Soda&SoftDrinks","Kool-Aid","26 cal",""
"Soda&SoftDrinks","Lemonade","42 cal",""
"Soda&SoftDrinks","Mello Yello","49 cal",""
"Soda&SoftDrinks","Minute Maid","46 cal",""
"Soda&SoftDrinks","Minute Maid Light","2 cal",""
"Soda&SoftDrinks","Mug Root Beer","42 cal",""
"Soda&SoftDrinks","Orange Soda","48 cal",""
"Soda&SoftDrinks","Pepsi","44 cal",""
"Soda&SoftDrinks","Pibb Xtra","40 cal",""
"Soda&SoftDrinks","Powerade","120 cal",""
"Soda&SoftDrinks","Schweppes Ginger Ale","38 cal",""
"Soda&SoftDrinks","Soda","53 cal",""
"Soda&SoftDrinks","Sprite","37 cal",""
"Soda&SoftDrinks","Sprite Zero","0 cal",""
"Soda&SoftDrinks","Squirt","44 cal",""
"Soda&SoftDrinks","Sunkist","25 cal",""
"Soda&SoftDrinks","Surge","48 cal",""
"Soda&SoftDrinks","TaB","0 cal",""
"Soda&SoftDrinks","Tonic Water","35 cal",""
"Soda&SoftDrinks","Vanilla Coke","45 cal",""
"Wine","Cabernet Sauvignon","77 cal",""
"Wine","Cava","76 cal",""
"Wine","Champagne","76 cal",""
"Wine","Chardonnay","85 cal",""
"Wine","Chenin Blanc","80 cal",""
"Wine","Chocolate Wine","256 cal",""
"Wine","Dry Red Wine","85 cal",""
"Wine","Gamay","78 cal",""
"Wine","Malbec","82 cal",""
"Wine","Malbec Wine","82 cal",""
"Wine","Marsala Wine","100 cal",""
"Wine","Merlot","83 cal",""
"Wine","Merlot Wine","83 cal",""
"Wine","Moscato Wine","76 cal",""
"Wine","Mulled Wine","196 cal",""
"Wine","Pinot Gris","83 cal",""
"Wine","Pinot Noir","75 cal",""
"Wine","Plum Wine","163 cal",""
"Wine","Port Wine","160 cal",""
"Wine","Prosecco","71 cal",""
"Wine","Red Wine","85 cal",""
"Wine","Red Wines","85 cal",""
"Wine","Riesling","80 cal",""
"Wine","Riesling Wine","80 cal",""
"Wine","Rose Wine","71 cal",""
"Wine","Sangria","132 cal",""
"Wine","Sauvignon Blanc","81 cal",""
"Wine","Sherry","116 cal",""
"Wine","Shiraz","71 cal",""
"Wine","Sparkling Wine","190 cal",""
"Wine","Sweet Red Wine","81 cal",""
"Wine","Sweet White Wine","82 cal",""
"Wine","Sweet Wines","83 cal",""
"Wine","Vermouth","108 cal",""
"Wine","White Wine","82 cal",""
"Wine","White Zinfandel","88 cal",""
"Wine","Wine","83 cal",""
"Wine","Yellow Tail Wine","71 cal",""
"Wine","Zinfandel","88 cal",""
"CerealProducts","Amaranth","371 cal",""
"CerealProducts","Barley","354 cal",""
"CerealProducts","Barley Groats","100 cal",""
"CerealProducts","Brown Rice","388 cal",""
"CerealProducts","Buckwheat","343 cal",""
"CerealProducts","Buckwheat Groats","346 cal",""
"CerealProducts","Corn Waffles","274 cal",""
"CerealProducts","Cornmeal","362 cal",""
"CerealProducts","Cornstarch","381 cal",""
"CerealProducts","Couscous","376 cal",""
"CerealProducts","Cracker","502 cal",""
"CerealProducts","Durum Wheat Semolina","397 cal",""
"CerealProducts","Flaxseed","534 cal",""
"CerealProducts","Freekeh","520 cal",""
"CerealProducts","Gluten","370 cal",""
"CerealProducts","Grissini","408 cal",""
"CerealProducts","Kamut","337 cal",""
"CerealProducts","Millet","378 cal",""
"CerealProducts","Millet Flour","372 cal",""
"CerealProducts","Millet Gruel","46 cal",""
"CerealProducts","Oat Bran","246 cal",""
"CerealProducts","Pearl Barley","352 cal",""
"CerealProducts","Polenta","366 cal",""
"CerealProducts","Prawn Crackers","527 cal",""
"CerealProducts","Pretzel Sticks","380 cal",""
"CerealProducts","Quinoa","368 cal",""
"CerealProducts","Rusk","410 cal",""
"CerealProducts","Rye Bran","281 cal",""
"CerealProducts","Sago","354 cal",""
"CerealProducts","Savoury Biscuits","347 cal",""
"CerealProducts","Shortbread","502 cal",""
"CerealProducts","Spelt","338 cal",""
"CerealProducts","Spelt Bran","177 cal",""
"CerealProducts","Spelt Semolina","360 cal",""
"CerealProducts","Sunflower Seeds","584 cal",""
"CerealProducts","Tortilla","237 cal",""
"CerealProducts","Tortilla Chips","499 cal",""
"CerealProducts","Wheat Bran","216 cal",""
"CerealProducts","Wheat Germ","382 cal",""
"CerealProducts","Wheat Gluten","325 cal",""
"CerealProducts","Wheat Semolina","360 cal",""
"CerealProducts","Wheat Starch","351 cal",""
"CerealProducts","Whole Grain Wheat","339 cal",""
"CerealProducts","Wholegrain Oat","375 cal",""
"Oatmeal,Muesli&Cereals","Bran Flakes","356 cal",""
"Oatmeal,Muesli&Cereals","Cap’n Crunch","404 cal",""
"Oatmeal,Muesli&Cereals","Cheerios","347 cal",""
"Oatmeal,Muesli&Cereals","Chex","387 cal",""
"Oatmeal,Muesli&Cereals","Chocolate Cheerios","367 cal",""
"Oatmeal,Muesli&Cereals","Chocos","380 cal",""
"Oatmeal,Muesli&Cereals","Cinnamon Toast Crunch","433 cal",""
"Oatmeal,Muesli&Cereals","Coco Pops","376 cal",""
"Oatmeal,Muesli&Cereals","Cocoa Krispies","386 cal",""
"Oatmeal,Muesli&Cereals","Cocoa Pebbles","367 cal",""
"Oatmeal,Muesli&Cereals","Cocoa Puffs","400 cal",""
"Oatmeal,Muesli&Cereals","Cookie Crisp","400 cal",""
"Oatmeal,Muesli&Cereals","Corn Flakes","357 cal",""
"Oatmeal,Muesli&Cereals","Corn Pops","377 cal",""
"Oatmeal,Muesli&Cereals","Count Chocula","407 cal",""
"Oatmeal,Muesli&Cereals","Cracklin Oat Bran","402 cal",""
"Oatmeal,Muesli&Cereals","Cream of Wheat","364 cal",""
"Oatmeal,Muesli&Cereals","Crunchy Nut","600 cal",""
"Oatmeal,Muesli&Cereals","Crunchy Nut Cornflakes","600 cal",""
"Oatmeal,Muesli&Cereals","Fiber One","267 cal",""
"Oatmeal,Muesli&Cereals","Froot Loops","379 cal",""
"Oatmeal,Muesli&Cereals","Frosted Cheerios","393 cal",""
"Oatmeal,Muesli&Cereals","Frosted Flakes","367 cal",""
"Oatmeal,Muesli&Cereals","Frosted Mini-Wheats","353 cal",""
"Oatmeal,Muesli&Cereals","Frosties","367 cal",""
"Oatmeal,Muesli&Cereals","Fruity Pebbles","400 cal",""
"Oatmeal,Muesli&Cereals","Golden Grahams","400 cal",""
"Oatmeal,Muesli&Cereals","Grape-Nuts","362 cal",""
"Oatmeal,Muesli&Cereals","Honey Nut Cheerios","393 cal",""
"Oatmeal,Muesli&Cereals","Honey Smacks","370 cal",""
"Oatmeal,Muesli&Cereals","Honeycomb","397 cal",""
"Oatmeal,Muesli&Cereals","Just Right","391 cal",""
"Oatmeal,Muesli&Cereals","Kashi","377 cal",""
"Oatmeal,Muesli&Cereals","Kelloggs Corn Flakes","357 cal",""
"Oatmeal,Muesli&Cereals","Kix","367 cal",""
"Oatmeal,Muesli&Cereals","Krave","372 cal",""
"Oatmeal,Muesli&Cereals","Life Cereal","375 cal",""
"Oatmeal,Muesli&Cereals","Lucky Charms","406 cal",""
"Oatmeal,Muesli&Cereals","Malt-O-Meal","51 cal",""
"Oatmeal,Muesli&Cereals","Mini-Wheats","353 cal",""
"Oatmeal,Muesli&Cereals","Muesli","336 cal",""
"Oatmeal,Muesli&Cereals","Multigrain Cheerios","380 cal",""
"Oatmeal,Muesli&Cereals","Nutri-Grain","351 cal",""
"Oatmeal,Muesli&Cereals","Oatibix","421 cal",""
"Oatmeal,Muesli&Cereals","Oatmeal","375 cal",""
"Oatmeal,Muesli&Cereals","Peanut Butter Toast Crunch","431 cal",""
"Oatmeal,Muesli&Cereals","Post Raisin Bran","322 cal",""
"Oatmeal,Muesli&Cereals","Post Shredded Wheat","347 cal",""
"Oatmeal,Muesli&Cereals","Puff","367 cal",""
"Oatmeal,Muesli&Cereals","Puffed Rice","383 cal",""
"Oatmeal,Muesli&Cereals","Puffed Wheat","367 cal",""
"Oatmeal,Muesli&Cereals","Quaker Grits","344 cal",""
"Oatmeal,Muesli&Cereals","Quaker Oatmeal","375 cal",""
"Oatmeal,Muesli&Cereals","Quaker Oatmeal Squares","400 cal",""
"Oatmeal,Muesli&Cereals","Raisin Bran","322 cal",""
"Oatmeal,Muesli&Cereals","Raisin Bran Crunch","355 cal",""
"Oatmeal,Muesli&Cereals","Raisin Bran Crunch","355 cal",""
"Oatmeal,Muesli&Cereals","Raisin Nut Bran","367 cal",""
"Oatmeal,Muesli&Cereals","Ready Brek","359 cal",""
"Oatmeal,Muesli&Cereals","Rice Chex","387 cal",""
"Oatmeal,Muesli&Cereals","Rice Krispies","394 cal",""
"Oatmeal,Muesli&Cereals","Scooters","367 cal",""
"Oatmeal,Muesli&Cereals","Shredded Wheat","340 cal",""
"Oatmeal,Muesli&Cereals","Shreddies","351 cal",""
"Oatmeal,Muesli&Cereals","Smart Start","371 cal",""
"Oatmeal,Muesli&Cereals","Special K","377 cal",""
"Oatmeal,Muesli&Cereals","Special K Chocolatey Delight","388 cal",""
"Oatmeal,Muesli&Cereals","Special K Protein Plus","375 cal",""
"Oatmeal,Muesli&Cereals","Special K Red Berries","345 cal",""
"Oatmeal,Muesli&Cereals","Sugar Puffs","379 cal",""
"Oatmeal,Muesli&Cereals","Toasties","361 cal",""
"Oatmeal,Muesli&Cereals","Trix","400 cal",""
"Oatmeal,Muesli&Cereals","Weet-Bix","353 cal",""
"Oatmeal,Muesli&Cereals","Weetabix","358 cal",""
"Oatmeal,Muesli&Cereals","Weetos","378 cal",""
"Oatmeal,Muesli&Cereals","Wheaties","367 cal",""
"Pasta&Noodles","Cannelloni","146 cal",""
"Pasta&Noodles","Capellini","353 cal",""
"Pasta&Noodles","Cappelletti","164 cal",""
"Pasta&Noodles","Cellophane Noodles","351 cal",""
"Pasta&Noodles","Cheese Tortellini","291 cal",""
"Pasta&Noodles","Dampfnudel","274 cal",""
"Pasta&Noodles","Dumpling Dough","99 cal",""
"Pasta&Noodles","Durum Wheat Semolina","397 cal",""
"Pasta&Noodles","Egg Noodles","384 cal",""
"Pasta&Noodles","Farfalle","358 cal",""
"Pasta&Noodles","Fettuccine","353 cal",""
"Pasta&Noodles","Fusilli","352 cal",""
"Pasta&Noodles","Glass Noodles","192 cal",""
"Pasta&Noodles","Lasagne Sheets","271 cal",""
"Pasta&Noodles","Linguine","357 cal",""
"Pasta&Noodles","Low Carb Pasta","282 cal",""
"Pasta&Noodles","Macaroni","370 cal",""
"Pasta&Noodles","Manicotti","357 cal",""
"Pasta&Noodles","Mostaccioli","184 cal",""
"Pasta&Noodles","Orecchiette","370 cal",""
"Pasta&Noodles","Orzo","357 cal",""
"Pasta&Noodles","Penne","351 cal",""
"Pasta&Noodles","Penne Rigate","370 cal",""
"Pasta&Noodles","Pierogi","200 cal",""
"Pasta&Noodles","Ravioli","77 cal",""
"Pasta&Noodles","Rigatoni","353 cal",""
"Pasta&Noodles","Rotini","353 cal",""
"Pasta&Noodles","Shells","353 cal",""
"Pasta&Noodles","Shirataki Noodles","18 cal",""
"Pasta&Noodles","Soy Noodles","216 cal",""
"Pasta&Noodles","Spaetzle","368 cal",""
"Pasta&Noodles","Spaghetti","370 cal",""
"Pasta&Noodles","Spinach Tortellini","314 cal",""
"Pasta&Noodles","Spirelli","367 cal",""
"Pasta&Noodles","Tagliatelle","370 cal",""
"Pasta&Noodles","Tortellini","291 cal",""
"Pasta&Noodles","Vermicelli","368 cal",""
"Pasta&Noodles","Whole Grain Noodles","347 cal",""
"Pasta&Noodles","Whole Grain Spaghetti","351 cal",""
"Pasta&Noodles","Ziti","352 cal",""
"Dishes&Meals","Baby Back Ribs","259 cal",""
"Dishes&Meals","Bacon and Eggs","252 cal",""
"Dishes&Meals","Baked Beans","94 cal",""
"Dishes&Meals","Baked Chicken","164 cal",""
"Dishes&Meals","BBQ Ribs","255 cal",""
"Dishes&Meals","Beef Stew","95 cal",""
"Dishes&Meals","Biryani","176 cal",""
"Dishes&Meals","Black Pudding","253 cal",""
"Dishes&Meals","Black Rice","323 cal",""
"Dishes&Meals","BLT","247 cal",""
"Dishes&Meals","Brown Rice","362 cal",""
"Dishes&Meals","Burrito","163 cal",""
"Dishes&Meals","Butter Chicken","140 cal",""
"Dishes&Meals","California Roll","93 cal",""
"Dishes&Meals","Chicken Caesar Salad","127 cal",""
"Dishes&Meals","Chicken Fried Steak","151 cal",""
"Dishes&Meals","Chicken Marsala","96 cal",""
"Dishes&Meals","Chicken Parmesan","110 cal",""
"Dishes&Meals","Chicken Pot Pie","223 cal",""
"Dishes&Meals","Chicken Tikka Masala","81 cal",""
"Dishes&Meals","Chili con Carne","105 cal",""
"Dishes&Meals","Chimichanga","232 cal",""
"Dishes&Meals","Cobb Salad","118 cal",""
"Dishes&Meals","Collard Greens","28 cal",""
"Dishes&Meals","Corn Dog","250 cal",""
"Dishes&Meals","Corned Beef Hash","164 cal",""
"Dishes&Meals","Cottage Pie","139 cal",""
"Dishes&Meals","Dal","330 cal",""
"Dishes&Meals","Deviled Eggs","201 cal",""
"Dishes&Meals","Dim Sum","193 cal",""
"Dishes&Meals","Dosa","66 cal",""
"Dishes&Meals","Enchiladas","168 cal",""
"Dishes&Meals","Fajita","117 cal",""
"Dishes&Meals","Fish and Chips","195 cal",""
"Dishes&Meals","Fried Rice","186 cal",""
"Dishes&Meals","Fried Shrimp","277 cal",""
"Dishes&Meals","Grilled Cheese Sandwich","288 cal",""
"Dishes&Meals","Ham and Cheese Sandwich","241 cal",""
"Dishes&Meals","Hummus","177 cal",""
"Dishes&Meals","Jambalaya","100 cal",""
"Dishes&Meals","Kebab","215 cal",""
"Dishes&Meals","Lasagne","132 cal",""
"Dishes&Meals","Mac and Cheese","370 cal",""
"Dishes&Meals","Macaroni and Cheese","370 cal",""
"Dishes&Meals","Mashed Potatoes","83 cal",""
"Dishes&Meals","Meat Pie","242 cal",""
"Dishes&Meals","Meatloaf","254 cal",""
"Dishes&Meals","Naan","310 cal",""
"Dishes&Meals","Orange Chicken","259 cal",""
"Dishes&Meals","Pad Thai","150 cal",""
"Dishes&Meals","Paella","156 cal",""
"Dishes&Meals","Paratha","325 cal",""
"Dishes&Meals","Pea Soup","75 cal",""
"Dishes&Meals","Peanut Butter Sandwich","408 cal",""
"Dishes&Meals","Peking Duck","225 cal",""
"Dishes&Meals","Philly Cheese Steak","250 cal",""
"Dishes&Meals","Pizza","267 cal",""
"Dishes&Meals","Pork Chop","225 cal",""
"Dishes&Meals","Potato Salad","143 cal",""
"Dishes&Meals","Pulled Pork Sandwich","211 cal",""
"Dishes&Meals","Ramen","447 cal",""
"Dishes&Meals","Ravioli","203 cal",""
"Dishes&Meals","Reuben Sandwich","208 cal",""
"Dishes&Meals","Roast Beef","111 cal",""
"Dishes&Meals","Roast Dinner","198 cal",""
"Dishes&Meals","Samosa","214 cal",""
"Dishes&Meals","Sausage Roll","350 cal",""
"Dishes&Meals","Sausage Rolls","297 cal",""
"Dishes&Meals","Shepherds Pie","70 cal",""
"Dishes&Meals","Shrimp Cocktail","464 cal",""
"Dishes&Meals","Sloppy Joe","71 cal",""
"Dishes&Meals","Sloppy Joes","154 cal",""
"Dishes&Meals","Spaghetti Bolognese","132 cal",""
"Dishes&Meals","Spring Roll","250 cal",""
"Dishes&Meals","Spring Rolls","250 cal",""
"Dishes&Meals","Taco","217 cal",""
"Dishes&Meals","Tandoori Chicken","113 cal",""
"Dishes&Meals","Yorkshire Pudding","553 cal",""
"Soups","Alphabet Soup","25 cal",""
"Soups","Bean Stew","133 cal",""
"Soups","Beef Bouillon","3 cal",""
"Soups","Beef Noodle Soup","34 cal",""
"Soups","Beef Soup","33 cal",""
"Soups","Bouillon","16 cal",""
"Soups","Broccoli Cheese Soup","87 cal",""
"Soups","Broccoli Soup","87 cal",""
"Soups","Cabbage Soup","28 cal",""
"Soups","Carrot Ginger Soup","25 cal",""
"Soups","Carrot Soup","25 cal",""
"Soups","Chicken Bouillon","4 cal",""
"Soups","Chicken Broth","16 cal",""
"Soups","Chicken Gumbo Soup","23 cal",""
"Soups","Chicken Noodle Soup","25 cal",""
"Soups","Chicken Stock","16 cal",""
"Soups","Chicken Vegetable Soup","31 cal",""
"Soups","Chicken with Rice Soup","24 cal",""
"Soups","Cream of Asparagus Soup","35 cal",""
"Soups","Cream of Broccoli Soup","45 cal",""
"Soups","Cream of Celery Soup","37 cal",""
"Soups","Cream of Chicken Soup","48 cal",""
"Soups","Cream of Mushroom Soup","39 cal",""
"Soups","Cream of Onion Soup","44 cal",""
"Soups","Cream of Potato Soup","30 cal",""
"Soups","Creamy Chicken Noodle Soup","23 cal",""
"Soups","French Onion Soup","23 cal",""
"Soups","Golden Mushroom Soup","65 cal",""
"Soups","Goulash","1009 cal",""
"Soups","Instant Ramen","436 cal",""
"Soups","Lentil Soup","56 cal",""
"Soups","Lobster Bisque Soup","100 cal",""
"Soups","Meatball Soup","49 cal",""
"Soups","Minestrone","34 cal",""
"Soups","Mushroom Soup","35 cal",""
"Soups","Noodle Soup","34 cal",""
"Soups","Onion Soup","23 cal",""
"Soups","Oxtail Soup","28 cal",""
"Soups","Pea Soup","75 cal",""
"Soups","Potato Soup","80 cal",""
"Soups","Pumpkin Soup","29 cal",""
"Soups","Ramen","436 cal",""
"Soups","Scotch Broth","33 cal",""
"Soups","Succotash","115 cal",""
"Soups","Thai Soup","60 cal",""
"Soups","Tomato Rice Soup","47 cal",""
"Soups","Tomato Soup","30 cal",""
"Soups","Vegetable Beef Soup","31 cal",""
"Soups","Vegetable Broth","5 cal",""
"Soups","Vegetable Soup","28 cal",""
"Soups","Vegetable Stock","5 cal",""
"Soups","Wedding Soup","53 cal",""
"Legumes","Azuki Bean","124 cal",""
"Legumes","Bamboo Shoots","27 cal",""
"Legumes","Bean Curd","76 cal",""
"Legumes","Bean Sprouts","30 cal",""
"Legumes","Bengal Gram","364 cal",""
"Legumes","Black Beans","341 cal",""
"Legumes","Black Chickpeas","364 cal",""
"Legumes","Black Gram","341 cal",""
"Legumes","Brown Lentil","353 cal",""
"Legumes","Butternut","612 cal",""
"Legumes","Chickpeas","364 cal",""
"Legumes","Chili Bean","97 cal",""
"Legumes","Dal","230 cal",""
"Legumes","Deep-Fried Tofu","271 cal",""
"Legumes","Extra-Firm Tofu","91 cal",""
"Legumes","Firm Tofu","70 cal",""
"Legumes","Flageolet","85 cal",""
"Legumes","Fried Bean Curd","271 cal",""
"Legumes","Green Beans","31 cal",""
"Legumes","Green Gram","347 cal",""
"Legumes","Green Lentil","257 cal",""
"Legumes","Kidney Beans","337 cal",""
"Legumes","Lentils","353 cal",""
"Legumes","Lima Beans","71 cal",""
"Legumes","Marron","210 cal",""
"Legumes","Miso","199 cal",""
"Legumes","Mung Beans","12 cal",""
"Legumes","Natto","212 cal",""
"Legumes","Navy Bean","337 cal",""
"Legumes","Okara","77 cal",""
"Legumes","Okra","33 cal",""
"Legumes","Peanuts","567 cal",""
"Legumes","Peas","42 cal",""
"Legumes","Pecan","691 cal",""
"Legumes","Pinto Beans","347 cal",""
"Legumes","Puy Lentils","345 cal",""
"Legumes","Rajma","140 cal",""
"Legumes","Red Beans","124 cal",""
"Legumes","Red Kidney Bean","337 cal",""
"Legumes","Red Lentils","329 cal",""
"Legumes","Refried Beans","91 cal",""
"Legumes","Roasted Soybeans","471 cal",""
"Legumes","Silken Tofu","55 cal",""
"Legumes","Soft Tofu","61 cal",""
"Legumes","Soy Cheese","235 cal",""
"Legumes","Soy Mayonnaise","322 cal",""
"Legumes","Soy Nut Butter","562 cal",""
"Legumes","Soy Nuts","471 cal",""
"Legumes","Soy Yogurt","66 cal",""
"Legumes","Soya Cheese","235 cal",""
"Legumes","Soybeans","147 cal",""
"Legumes","Soynut Butter","562 cal",""
"Legumes","Sugar Peas","42 cal",""
"Legumes","Sweet Peas","48 cal",""
"Legumes","Tempeh","193 cal",""
"Legumes","Textured Soy Protein","571 cal",""
"Legumes","Textured Vegetable Protein","333 cal",""
"Legumes","Tofu","76 cal",""
"Legumes","White Beans","336 cal",""
"Legumes","Yam Bean","38 cal",""
"Legumes","Yellow Lentils","304 cal",""
"Legumes","Yuba","176 cal",""
"Nuts&Seeds","Acorn","387 cal",""
"Nuts&Seeds","Alfalfa Sprouts","23 cal",""
"Nuts&Seeds","Almonds","575 cal",""
"Nuts&Seeds","Beechnut","576 cal",""
"Nuts&Seeds","Brazil Nuts","656 cal",""
"Nuts&Seeds","Breadfruit","191 cal",""
"Nuts&Seeds","Butternut","612 cal",""
"Nuts&Seeds","Cashew","553 cal",""
"Nuts&Seeds","Chestnut","213 cal",""
"Nuts&Seeds","Chia Seeds","486 cal",""
"Nuts&Seeds","Coconut","354 cal",""
"Nuts&Seeds","Cotton Seeds","506 cal",""
"Nuts&Seeds","Flaxseed","534 cal",""
"Nuts&Seeds","Ginkgo Nuts","182 cal",""
"Nuts&Seeds","Goa Bean","409 cal",""
"Nuts&Seeds","Hazelnut","628 cal",""
"Nuts&Seeds","Hickory Nuts","657 cal",""
"Nuts&Seeds","Lima Beans","71 cal",""
"Nuts&Seeds","Lotus Seed","89 cal",""
"Nuts&Seeds","Macadamia Nuts","718 cal",""
"Nuts&Seeds","Peanuts","567 cal",""
"Nuts&Seeds","Peas","81 cal",""
"Nuts&Seeds","Pecan Nuts","691 cal",""
"Nuts&Seeds","Pecans","691 cal",""
"Nuts&Seeds","Pili Nuts","719 cal",""
"Nuts&Seeds","Pine Nuts","673 cal",""
"Nuts&Seeds","Pinto Beans","347 cal",""
"Nuts&Seeds","Pistachios","562 cal",""
"Nuts&Seeds","Poppy Seeds","525 cal",""
"Nuts&Seeds","Pumpkin Seeds","559 cal",""
"Nuts&Seeds","Radish Seeds","43 cal",""
"Nuts&Seeds","Safflower Seeds","517 cal",""
"Nuts&Seeds","Sesame Seeds","573 cal",""
"Nuts&Seeds","Smoked Almonds","575 cal",""
"Nuts&Seeds","Soy Beans","147 cal",""
"Nuts&Seeds","Sunflower Seeds","584 cal",""
"Nuts&Seeds","Sweet Chestnut","194 cal",""
"Nuts&Seeds","Walnuts","654 cal",""
"Nuts&Seeds","Watermelon","30 cal",""
"Oils&Fats","Almond Oil","882 cal",""
"Oils&Fats","Avocado Oil","857 cal",""
"Oils&Fats","Butter","720 cal",""
"Oils&Fats","Canola Oil","884 cal",""
"Oils&Fats","Coconut Oil","857 cal",""
"Oils&Fats","Cod Liver Oil","1000 cal",""
"Oils&Fats","Corn Oil","800 cal",""
"Oils&Fats","Cottonseed Oil","882 cal",""
"Oils&Fats","Flaxseed Oil","884 cal",""
"Oils&Fats","Ghee","120 cal",""
"Oils&Fats","Goose Fat","898 cal",""
"Oils&Fats","Grape Seed Oil","884 cal",""
"Oils&Fats","Hemp Oil","807 cal",""
"Oils&Fats","Herring Oil","902 cal",""
"Oils&Fats","I can\’t believe it\’s not Butter","357 cal",""
"Oils&Fats","Lard","902 cal",""
"Oils&Fats","Macadamia Oil","819 cal",""
"Oils&Fats","Margarine","717 cal",""
"Oils&Fats","Mustard Oil","884 cal",""
"Oils&Fats","Olive Oil","884 cal",""
"Oils&Fats","Palm Oil","882 cal",""
"Oils&Fats","Peanut Oil","857 cal",""
"Oils&Fats","Real Butter","720 cal",""
"Oils&Fats","Rice Bran Oil","889 cal",""
"Oils&Fats","Safflower Oil","857 cal",""
"Oils&Fats","Sardine Oil","902 cal",""
"Oils&Fats","Sesame Oil","884 cal",""
"Oils&Fats","Soybean Oil","889 cal",""
"Oils&Fats","Sunflower Oil","884 cal",""
"Oils&Fats","Walnut Oil","889 cal",""
"VegetableOils","Almond Oil","882 cal",""
"VegetableOils","Apricot Kernel Oil","889 cal",""
"VegetableOils","Argan Oil","896 cal",""
"VegetableOils","Avocado Oil","857 cal",""
"VegetableOils","Babassu Oil","884 cal",""
"VegetableOils","Canola Oil","884 cal",""
"VegetableOils","Coconut Oil","857 cal",""
"VegetableOils","Corn Oil","800 cal",""
"VegetableOils","Cottonseed Oil","882 cal",""
"VegetableOils","Flaxseed Oil","884 cal",""
"VegetableOils","Grape Seed Oil","884 cal",""
"VegetableOils","Hazelnut Oil","889 cal",""
"VegetableOils","Linseed Oil","837 cal",""
"VegetableOils","Menhaden Oil","911 cal",""
"VegetableOils","Mustard Oil","884 cal",""
"VegetableOils","Oat Oil","884 cal",""
"VegetableOils","Olive Oil","800 cal",""
"VegetableOils","Palm Kernel Oil","882 cal",""
"VegetableOils","Palm Oil","882 cal",""
"VegetableOils","Peanut Oil","857 cal",""
"VegetableOils","Poppy Seed Oil","884 cal",""
"VegetableOils","Pumpkin Seed Oil","880 cal",""
"VegetableOils","Rice Bran Oil","889 cal",""
"VegetableOils","Safflower Oil","857 cal",""
"VegetableOils","Salmon Oil","911 cal",""
"VegetableOils","Sesame Oil","889 cal",""
"VegetableOils","Shea Oil","884 cal",""
"VegetableOils","Soy Oil","882 cal",""
"VegetableOils","Sunflower Oil","884 cal",""
"VegetableOils","Tomato Seed Oil","884 cal",""
"VegetableOils","Vegetable Oil","800 cal",""
"VegetableOils","Walnut Oil","889 cal",""
"VegetableOils","Wheat Germ Oil","929 cal",""
"BakingIngredients","Agar-Agar","26 cal",""
"BakingIngredients","Agave Syrup","310 cal",""
"BakingIngredients","All Purpose Flour","364 cal",""
"BakingIngredients","Almond Extract","258 cal",""
"BakingIngredients","Almonds","529 cal",""
"BakingIngredients","Apple Pie Filling","100 cal",""
"BakingIngredients","Baking Powder","53 cal",""
"BakingIngredients","Baking Soda","0 cal",""
"BakingIngredients","Bread Flour","361 cal",""
"BakingIngredients","Brittle","592 cal",""
"BakingIngredients","Brown Sugar","395 cal",""
"BakingIngredients","Buttermilk","62 cal",""
"BakingIngredients","Butterscotch Chips","539 cal",""
"BakingIngredients","Cake Flour","362 cal",""
"BakingIngredients","Candied Orange Peel","97 cal",""
"BakingIngredients","Cane Sugar","387 cal",""
"BakingIngredients","Chocolate Chips","467 cal",""
"BakingIngredients","Chocolate Sprinkles","500 cal",""
"BakingIngredients","Cocoa Powder","228 cal",""
"BakingIngredients","Coconut Flakes","456 cal",""
"BakingIngredients","Coconut Milk","50 cal",""
"BakingIngredients","Corn Flour","361 cal",""
"BakingIngredients","Corn Syrup","281 cal",""
"BakingIngredients","Cornmeal","362 cal",""
"BakingIngredients","Cornstarch","381 cal",""
"BakingIngredients","Couverture","600 cal",""
"BakingIngredients","Cream Cheese","54 cal",""
"BakingIngredients","Cream of Tartar","258 cal",""
"BakingIngredients","Crystallized Ginger","335 cal",""
"BakingIngredients","Custard Powder","337 cal",""
"BakingIngredients","Dark Rum","216 cal",""
"BakingIngredients","Dextrose","375 cal",""
"BakingIngredients","Dried Apricots","241 cal",""
"BakingIngredients","Dried Cranberries","308 cal",""
"BakingIngredients","Dried Figs","249 cal",""
"BakingIngredients","Dried Prunes","107 cal",""
"BakingIngredients","Duck Egg","185 cal",""
"BakingIngredients","Egg","97 cal",""
"BakingIngredients","Egg Nog","88 cal",""
"BakingIngredients","Egg White","13 cal",""
"BakingIngredients","Egg Yolk","322 cal",""
"BakingIngredients","Evaporated Milk","134 cal",""
"BakingIngredients","Flour","364 cal",""
"BakingIngredients","Fructose","368 cal",""
"BakingIngredients","Gelatin","335 cal",""
"BakingIngredients","Glucose","286 cal",""
"BakingIngredients","Glucose Syrup","387 cal",""
"BakingIngredients","Granulated Sugar","387 cal",""
"BakingIngredients","Ground Cinnamon","247 cal",""
"BakingIngredients","Hazelnuts","628 cal",""
"BakingIngredients","Heavy Cream","345 cal",""
"BakingIngredients","Jaggery","383 cal",""
"BakingIngredients","Lemon Pie Filling","143 cal",""
"BakingIngredients","Malt Powder","361 cal",""
"BakingIngredients","Malted Milk","405 cal",""
"BakingIngredients","Maltitol","210 cal",""
"BakingIngredients","Maltodextrin","375 cal",""
"BakingIngredients","Maltose","344 cal",""
"BakingIngredients","Maple Syrup","270 cal",""
"BakingIngredients","Molasses","290 cal",""
"BakingIngredients","Nonpareils","475 cal",""
"BakingIngredients","Peppermint Extract","0 cal",""
"BakingIngredients","Poppy Seeds","525 cal",""
"BakingIngredients","Powdered Milk","496 cal",""
"BakingIngredients","Powdered Sugar","389 cal",""
"BakingIngredients","Protein Powder","411 cal",""
"BakingIngredients","Raisins","474 cal",""
"BakingIngredients","Rice Milk","49 cal",""
"BakingIngredients","Rock Sugar","625 cal",""
"BakingIngredients","Rolled Oats","384 cal",""
"BakingIngredients","Rum","246 cal",""
"BakingIngredients","Semolina Flour","350 cal",""
"BakingIngredients","Sesame Seeds","573 cal",""
"BakingIngredients","Shredded Coconut","501 cal",""
"BakingIngredients","Sorbitol","375 cal",""
"BakingIngredients","Soy Milk","41 cal",""
"BakingIngredients","Soy Protein Powder","338 cal",""
"BakingIngredients","Sprinkles","500 cal",""
"BakingIngredients","Starch","381 cal",""
"BakingIngredients","Strawberry Preserves","278 cal",""
"BakingIngredients","Sucrose","387 cal",""
"BakingIngredients","Sugar","405 cal",""
"BakingIngredients","Sunflower Seeds","117 cal",""
"BakingIngredients","Sweetened Condensed Milk","321 cal",""
"BakingIngredients","Sweetener","360 cal",""
"BakingIngredients","Unsalted Butter","717 cal",""
"BakingIngredients","Vanilla Extract","288 cal",""
"BakingIngredients","Vanilla Sugar","357 cal",""
"BakingIngredients","Vegetable Oil","884 cal",""
"BakingIngredients","Vegetable Shortening","884 cal",""
"BakingIngredients","Walnuts","131 cal",""
"BakingIngredients","Whole Milk","61 cal",""
"BakingIngredients","Whole Wheat Flour","340 cal",""
"BakingIngredients","Xylitol","240 cal",""
"BakingIngredients","Yeast (dry)","325 cal",""
"Fish&Seafood","Anchovy","131 cal",""
"Fish&Seafood","Bluefish","159 cal",""
"Fish&Seafood","Bream","135 cal",""
"Fish&Seafood","Butterfish","187 cal",""
"Fish&Seafood","Calamari","175 cal",""
"Fish&Seafood","Carp","162 cal",""
"Fish&Seafood","Caviar","264 cal",""
"Fish&Seafood","Clam","148 cal",""
"Fish&Seafood","Cod","105 cal",""
"Fish&Seafood","Crawfish","82 cal",""
"Fish&Seafood","Crayfish","87 cal",""
"Fish&Seafood","Eel","236 cal",""
"Fish&Seafood","Fish Fingers","290 cal",""
"Fish&Seafood","Fish Sticks","290 cal",""
"Fish&Seafood","Flounder","86 cal",""
"Fish&Seafood","Grouper","118 cal",""
"Fish&Seafood","Haddock","90 cal",""
"Fish&Seafood","Hake","71 cal",""
"Fish&Seafood","Halibut","111 cal",""
"Fish&Seafood","Herring","203 cal",""
"Fish&Seafood","Hoki","121 cal",""
"Fish&Seafood","Kipper","217 cal",""
"Fish&Seafood","Ling","109 cal",""
"Fish&Seafood","Lobster","89 cal",""
"Fish&Seafood","Mackerel","262 cal",""
"Fish&Seafood","Milkfish","190 cal",""
"Fish&Seafood","Monkfish","97 cal",""
"Fish&Seafood","Mullet","150 cal",""
"Fish&Seafood","Mussel","172 cal",""
"Fish&Seafood","Octopus","164 cal",""
"Fish&Seafood","Pickerel","111 cal",""
"Fish&Seafood","Pickled Herring","262 cal",""
"Fish&Seafood","Pike","113 cal",""
"Fish&Seafood","Plaice","91 cal",""
"Fish&Seafood","Pollack","111 cal",""
"Fish&Seafood","Red Snapper","128 cal",""
"Fish&Seafood","Redfish","94 cal",""
"Fish&Seafood","Rollmops","171 cal",""
"Fish&Seafood","Salmon","206 cal",""
"Fish&Seafood","Sardines","208 cal",""
"Fish&Seafood","Scallops","111 cal",""
"Fish&Seafood","Scampi","84 cal",""
"Fish&Seafood","Sea Bass","124 cal",""
"Fish&Seafood","Shad","252 cal",""
"Fish&Seafood","Shark","130 cal",""
"Fish&Seafood","Smelt","124 cal",""
"Fish&Seafood","Sole","86 cal",""
"Fish&Seafood","Squid","92 cal",""
"Fish&Seafood","Sturgeon","135 cal",""
"Fish&Seafood","Sushi","150 cal",""
"Fish&Seafood","Swordfish","172 cal",""
"Fish&Seafood","Triggerfish","93 cal",""
"Fish&Seafood","Trout","190 cal",""
"Fish&Seafood","Tuna","132 cal",""
"Fish&Seafood","Tuna Salad","187 cal",""
"Fish&Seafood","Turbot","122 cal",""
"Fish&Seafood","Wahoo","167 cal",""
"Fish&Seafood","Whitefish","172 cal",""
"Fish&Seafood","Whiting","116 cal",""
"Fish&Seafood","Zander","84 cal",""
"Herbs&Spices","Almond Extract","374 cal",""
"Herbs&Spices","Anise","337 cal",""
"Herbs&Spices","Anise Seed","337 cal",""
"Herbs&Spices","Arrowroot","65 cal",""
"Herbs&Spices","Arugula","25 cal",""
"Herbs&Spices","Balsamic Vinegar","88 cal",""
"Herbs&Spices","Basil","233 cal",""
"Herbs&Spices","Black Pepper","251 cal",""
"Herbs&Spices","Black Sesame Seeds","573 cal",""
"Herbs&Spices","Broth","100 cal",""
"Herbs&Spices","Capers","23 cal",""
"Herbs&Spices","Caraway Seeds","333 cal",""
"Herbs&Spices","Cardamom","311 cal",""
"Herbs&Spices","Cassava","160 cal",""
"Herbs&Spices","Cayenne Pepper","318 cal",""
"Herbs&Spices","Chard","19 cal",""
"Herbs&Spices","Chicory Greens","23 cal",""
"Herbs&Spices","Chicory Roots","72 cal",""
"Herbs&Spices","Chili","282 cal",""
"Herbs&Spices","Chili Powder","282 cal",""
"Herbs&Spices","Chives","30 cal",""
"Herbs&Spices","Cider Vinegar","21 cal",""
"Herbs&Spices","Cilantro","23 cal",""
"Herbs&Spices","Cinnamon","247 cal",""
"Herbs&Spices","Cloves","274 cal",""
"Herbs&Spices","Coriander","23 cal",""
"Herbs&Spices","Cream of Tartar","258 cal",""
"Herbs&Spices","Cress","32 cal",""
"Herbs&Spices","Crystallized Ginger","335 cal",""
"Herbs&Spices","Cumin","375 cal",""
"Herbs&Spices","Cumin Seed","375 cal",""
"Herbs&Spices","Curry","325 cal",""
"Herbs&Spices","Dandelion","45 cal",""
"Herbs&Spices","Dill","43 cal",""
"Herbs&Spices","Dill Weed","43 cal",""
"Herbs&Spices","Fennel","31 cal",""
"Herbs&Spices","Fennel Seed","345 cal",""
"Herbs&Spices","Fenugreek","323 cal",""
"Herbs&Spices","Garlic","149 cal",""
"Herbs&Spices","Garlic Powder","331 cal",""
"Herbs&Spices","Garlic Salt","0 cal",""
"Herbs&Spices","Ginger","80 cal",""
"Herbs&Spices","Grape Leaves","93 cal",""
"Herbs&Spices","Ground Ginger","335 cal",""
"Herbs&Spices","Horseradish","48 cal",""
"Herbs&Spices","Hot Pepper","318 cal",""
"Herbs&Spices","Iodized Salt","0 cal",""
"Herbs&Spices","Jalapeno","13 cal",""
"Herbs&Spices","Juniper","45 cal",""
"Herbs&Spices","Lemon Grass","99 cal",""
"Herbs&Spices","Licorice","375 cal",""
"Herbs&Spices","Maggi","104 cal",""
"Herbs&Spices","Marjoram","271 cal",""
"Herbs&Spices","Minced Onion","40 cal",""
"Herbs&Spices","Mint","70 cal",""
"Herbs&Spices","Mustard Seed","508 cal",""
"Herbs&Spices","Nutmeg","525 cal",""
"Herbs&Spices","Okra","33 cal",""
"Herbs&Spices","Onion","40 cal",""
"Herbs&Spices","Onion Powder","341 cal",""
"Herbs&Spices","Orange Peel","97 cal",""
"Herbs&Spices","Oregano","265 cal",""
"Herbs&Spices","Paprika","282 cal",""
"Herbs&Spices","Parsley","36 cal",""
"Herbs&Spices","Parsnip","75 cal",""
"Herbs&Spices","Pepper","251 cal",""
"Herbs&Spices","Poppy Seed","525 cal",""
"Herbs&Spices","Poultry Seasoning","307 cal",""
"Herbs&Spices","Pumpkin Pie Spice","342 cal",""
"Herbs&Spices","Red Pepper","251 cal",""
"Herbs&Spices","Red Wine Vinegar","19 cal",""
"Herbs&Spices","Rosemary","131 cal",""
"Herbs&Spices","Saffron","310 cal",""
"Herbs&Spices","Sage","315 cal",""
"Herbs&Spices","Salt","0 cal",""
"Herbs&Spices","Savory","272 cal",""
"Herbs&Spices","Sea Salt","0 cal",""
"Herbs&Spices","Serrano Pepper","32 cal",""
"Herbs&Spices","Sesame Seeds","573 cal",""
"Herbs&Spices","Stevia","0 cal",""
"Herbs&Spices","Tamarind","239 cal",""
"Herbs&Spices","Taro","112 cal",""
"Herbs&Spices","Tarragon","295 cal",""
"Herbs&Spices","Thyme","276 cal",""
"Herbs&Spices","Turmeric","354 cal",""
"Herbs&Spices","Vanilla Bean","250 cal",""
"Herbs&Spices","Vanilla Extract","288 cal",""
"Herbs&Spices","Vinegar","18 cal",""
"Herbs&Spices","White Pepper","296 cal",""
"Herbs&Spices","Yam","118 cal",""
"Pastries,Breads&Rolls","Apple Pie","237 cal",""
"Pastries,Breads&Rolls","Apple Turnover","348 cal",""
"Pastries,Breads&Rolls","Bagel","257 cal",""
"Pastries,Breads&Rolls","Baguette","274 cal",""
"Pastries,Breads&Rolls","Banana Bread","326 cal",""
"Pastries,Breads&Rolls","Banana Nut Bread","326 cal",""
"Pastries,Breads&Rolls","Beer Bread","227 cal",""
"Pastries,Breads&Rolls","Biscuit","269 cal",""
"Pastries,Breads&Rolls","Black Bread","250 cal",""
"Pastries,Breads&Rolls","Bran Muffins","270 cal",""
"Pastries,Breads&Rolls","Bread Pudding","153 cal",""
"Pastries,Breads&Rolls","Breadsticks","400 cal",""
"Pastries,Breads&Rolls","Brioche","346 cal",""
"Pastries,Breads&Rolls","Brown Bread","246 cal",""
"Pastries,Breads&Rolls","Brownies","405 cal",""
"Pastries,Breads&Rolls","Bun","316 cal",""
"Pastries,Breads&Rolls","Cannoli","254 cal",""
"Pastries,Breads&Rolls","Caramel Cake","385 cal",""
"Pastries,Breads&Rolls","Challah","283 cal",""
"Pastries,Breads&Rolls","Chapati","240 cal",""
"Pastries,Breads&Rolls","Ciabatta","271 cal",""
"Pastries,Breads&Rolls","Cinnamon Bun","436 cal",""
"Pastries,Breads&Rolls","Coffee Cake","418 cal",""
"Pastries,Breads&Rolls","Conchas/Mexican Sweet Bread","353 cal",""
"Pastries,Breads&Rolls","Cornbread","179 cal",""
"Pastries,Breads&Rolls","Crepes","224 cal",""
"Pastries,Breads&Rolls","Croissant","406 cal",""
"Pastries,Breads&Rolls","Crumpet","178 cal",""
"Pastries,Breads&Rolls","Cupcakes","305 cal",""
"Pastries,Breads&Rolls","Donut/Doughnut","421 cal",""
"Pastries,Breads&Rolls","Dosa","209 cal",""
"Pastries,Breads&Rolls","Empanada","335 cal",""
"Pastries,Breads&Rolls","English Muffin","227 cal",""
"Pastries,Breads&Rolls","Flatbread","311 cal",""
"Pastries,Breads&Rolls","Focaccia","249 cal",""
"Pastries,Breads&Rolls","Garlic Bread","350 cal",""
"Pastries,Breads&Rolls","Hot Dog Buns","279 cal",""
"Pastries,Breads&Rolls","Italian Bread","271 cal",""
"Pastries,Breads&Rolls","Latkes","189 cal",""
"Pastries,Breads&Rolls","Matzo Bread","351 cal",""
"Pastries,Breads&Rolls","Monkey Bread","290 cal",""
"Pastries,Breads&Rolls","Muffin","296 cal",""
"Pastries,Breads&Rolls","Multi-Grain Bread","265 cal",""
"Pastries,Breads&Rolls","Naan","275 cal",""
"Pastries,Breads&Rolls","Oatmeal Cookies","450 cal",""
"Pastries,Breads&Rolls","Oatmeal Raisin Cookies","435 cal",""
"Pastries,Breads&Rolls","Pan de Sal","293 cal",""
"Pastries,Breads&Rolls","Pancake","233 cal",""
"Pastries,Breads&Rolls","Pandesal","293 cal",""
"Pastries,Breads&Rolls","Panettone","318 cal",""
"Pastries,Breads&Rolls","Pide","268 cal",""
"Pastries,Breads&Rolls","Pie","237 cal",""
"Pastries,Breads&Rolls","Pita Bread","275 cal",""
"Pastries,Breads&Rolls","Potato Bread","266 cal",""
"Pastries,Breads&Rolls","Pretzel","338 cal",""
"Pastries,Breads&Rolls","Pretzel Roll","338 cal",""
"Pastries,Breads&Rolls","Puff Pastry","558 cal",""
"Pastries,Breads&Rolls","Pumpernickel","250 cal",""
"Pastries,Breads&Rolls","Raisin Bread","274 cal",""
"Pastries,Breads&Rolls","Roll","316 cal",""
"Pastries,Breads&Rolls","Roti","264 cal",""
"Pastries,Breads&Rolls","Rye Bread","259 cal",""
"Pastries,Breads&Rolls","Sandwich","304 cal",""
"Pastries,Breads&Rolls","Sandwich Bread","251 cal",""
"Pastries,Breads&Rolls","Scone","362 cal",""
"Pastries,Breads&Rolls","Shortcrust Pastry","544 cal",""
"Pastries,Breads&Rolls","Soda Bread","290 cal",""
"Pastries,Breads&Rolls","Soufflé","204 cal",""
"Pastries,Breads&Rolls","Sourdough Bread","289 cal",""
"Pastries,Breads&Rolls","Spanakopita","246 cal",""
"Pastries,Breads&Rolls","Spice Cake","332 cal",""
"Pastries,Breads&Rolls","Sweet Rolls","333 cal",""
"Pastries,Breads&Rolls","Swiss Roll","313 cal",""
"Pastries,Breads&Rolls","Toast","261 cal",""
"Pastries,Breads&Rolls","Tortilla","297 cal",""
"Pastries,Breads&Rolls","Tortilla Bread","265 cal",""
"Pastries,Breads&Rolls","White Bread","238 cal",""
"Pastries,Breads&Rolls","Whole Wheat Bread","247 cal",""
"Sauces&Dressings","1000 Island Dressing","370 cal",""
"Sauces&Dressings","Ajvar","18 cal",""
"Sauces&Dressings","Arrabiata Sauce","36 cal",""
"Sauces&Dressings","Balsamic Vinaigrette Dressing","290 cal",""
"Sauces&Dressings","Barbecue Sauce","150 cal",""
"Sauces&Dressings","Bechamel Sauce","225 cal",""
"Sauces&Dressings","Bernaise Sauce","414 cal",""
"Sauces&Dressings","Blue Cheese Dressing","533 cal",""
"Sauces&Dressings","Bolognese","106 cal",""
"Sauces&Dressings","Buttermilk Ranch Dressing","533 cal",""
"Sauces&Dressings","Caesar Dressing","429 cal",""
"Sauces&Dressings","Catalina Dressing","282 cal",""
"Sauces&Dressings","Chasseur Sauce","45 cal",""
"Sauces&Dressings","Chili Sauce","112 cal",""
"Sauces&Dressings","Cream Sauce","180 cal",""
"Sauces&Dressings","Curry Ketchup","124 cal",""
"Sauces&Dressings","Curry Sauce","26 cal",""
"Sauces&Dressings","French Dressing","60 cal",""
"Sauces&Dressings","Gravy","53 cal",""
"Sauces&Dressings","Greek Dressing","467 cal",""
"Sauces&Dressings","Hamburger Sauce","383 cal",""
"Sauces&Dressings","Harissa","52 cal",""
"Sauces&Dressings","Hollandaise Sauce","535 cal",""
"Sauces&Dressings","Honey Mustard Dressing","464 cal",""
"Sauces&Dressings","Horseradish","48 cal",""
"Sauces&Dressings","Italian Dressing","293 cal",""
"Sauces&Dressings","Ketchup","100 cal",""
"Sauces&Dressings","Mayonnaise","692 cal",""
"Sauces&Dressings","Mustard","60 cal",""
"Sauces&Dressings","Mustard Sauce","645 cal",""
"Sauces&Dressings","Orange Sauce","179 cal",""
"Sauces&Dressings","Pesto","458 cal",""
"Sauces&Dressings","Ranch Dressing","510 cal",""
"Sauces&Dressings","Remoulade Sauce","635 cal",""
"Sauces&Dressings","Russian Dressing","400 cal",""
"Sauces&Dressings","Salad Dressing","449 cal",""
"Sauces&Dressings","Sambal Oelek","21 cal",""
"Sauces&Dressings","Sesame Ginger Dressing","464 cal",""
"Sauces&Dressings","Sesame Paste","595 cal",""
"Sauces&Dressings","Sour Cream","217 cal",""
"Sauces&Dressings","Sour Cream Sauce","60 cal",""
"Sauces&Dressings","Soy Sauce","67 cal",""
"Sauces&Dressings","Sweet and Sour Sauce","179 cal",""
"Sauces&Dressings","Tabasco","70 cal",""
"Sauces&Dressings","Teriyaki Sauce","89 cal",""
"Sauces&Dressings","Thai Curry Paste","155 cal",""
"Sauces&Dressings","Tomato Paste","82 cal",""
"Sauces&Dressings","Tomato Puree","38 cal",""
"Sauces&Dressings","Tomato Sauce","24 cal",""
"Sauces&Dressings","Tzatziki","94 cal",""
"Sauces&Dressings","Vinaigrette","120 cal",""
"Sauces&Dressings","Worcestershire Sauce","78 cal",""
"Sauces&Dressings","Yogurt Dressing","45 cal",""
"Sauces&Dressings","Zesty Italian Dressing","267 cal",""
"Spreads","Almond Butter","614 cal",""
"Spreads","Apple Butter","173 cal",""
"Spreads","Applesauce","68 cal",""
"Spreads","Apricot Jam","250 cal",""
"Spreads","Blackberry Jam","250 cal",""
"Spreads","Blackcurrant Jam","250 cal",""
"Spreads","Blueberry Jam","250 cal",""
"Spreads","Cheese Spread","290 cal",""
"Spreads","Cherry Jam","250 cal",""
"Spreads","Chocolate Philadelphia","287 cal",""
"Spreads","Chocolate Spread","541 cal",""
"Spreads","Cream Cheese","342 cal",""
"Spreads","Egg","97 cal",""
"Spreads","Grape Jelly","255 cal",""
"Spreads","Honey","304 cal",""
"Spreads","Jelly","278 cal",""
"Spreads","Jif Peanut Butter","580 cal",""
"Spreads","Liverwurst","305 cal",""
"Spreads","Margarine","717 cal",""
"Spreads","Marmite","225 cal",""
"Spreads","Marshmallow Fluff","666 cal",""
"Spreads","Nutella","544 cal",""
"Spreads","Olive Spread","550 cal",""
"Spreads","Pâté (720), Pate","319 cal",""
"Spreads","Peanut Butter","589 cal",""
"Spreads","Peter Pan Peanut Butter","609 cal",""
"Spreads","Philadelphia Cream Cheese","342 cal",""
"Spreads","Plum Jam","250 cal",""
"Spreads","Salted Butter","717 cal",""
"Spreads","Skippy Peanut Butter","594 cal",""
"Spreads","Smuckers Strawberry Jam","250 cal",""
"Spreads","Strawberry Jam","250 cal",""
"Spreads","Strawberry Jelly","250 cal",""
"Spreads","Sunbutter","617 cal",""
"Spreads","Sunflower Butter","617 cal",""
"Spreads","Tapenade","233 cal",""
"Spreads","Unsalted Butter","717 cal",""
"Spreads","Vegemite","180 cal",""
"Spreads","Wild Honey","286 cal",""
